"region of birth"	"age"	"sex"	"2018"	"2019"	"2020"	"2021"	"2022"	"2023"	"2024"	"2025"	"2026"	"2027"	"2028"	"2029"	"2030"	"2031"	"2032"	"2033"	"2034"	"2035"	"2036"	"2037"	"2038"	"2039"	"2040"	"2041"	"2042"	"2043"	"2044"	"2045"	"2046"	"2047"	"2048"	"2049"	"2050"	"2051"	"2052"	"2053"	"2054"	"2055"	"2056"	"2057"	"2058"	"2059"	"2060"	"2061"	"2062"	"2063"	"2064"	"2065"	"2066"	"2067"	"2068"	"2069"	"2070"	"2071"	"2072"	"2073"	"2074"	"2075"	"2076"	"2077"	"2078"	"2079"	"2080"	"2081"	"2082"	"2083"	"2084"	"2085"	"2086"	"2087"	"2088"	"2089"	"2090"	"2091"	"2092"	"2093"	"2094"	"2095"	"2096"	"2097"	"2098"	"2099"	"2100"	"2101"	"2102"	"2103"	"2104"	"2105"	"2106"	"2107"	"2108"	"2109"	"2110"	"2111"	"2112"	"2113"	"2114"	"2115"	"2116"	"2117"	"2118"	"2119"	"2120"
"total"	"0 years"	"women"	56803	57934	59288	60383	61215	61743	62039	62143	62105	61983	61825	61368	60956	60665	60502	60478	60581	60792	61092	61448	61832	62227	62604	63033	63420	63769	64077	64360	64623	64878	65124	65377	65638	65904	66170	66429	66668	66881	67058	67199	67299	67368	67408	67433	67452	67478	67524	67598	67705	67848	68030	68245	68474	68745	69033	69332	69635	69938	70235	70525	70805	71073	71329	71573	71804	72022	72227	72417	72592	72753	72900	73032	73152	73263	73365	73463	73559	73658	73763	73876	74000	74137	74287	74450	74627	74816	75015	75223	75436	75652	75869	76085	76298	76505	76706	76899	77083	77258	77423	77579	77725	77862	77990
"total"	"1 year"	"women"	57246	57292	58410	59743	60767	61582	62085	62355	62439	62386	62255	62088	61622	61204	60910	60740	60712	60809	61013	61307	61660	62041	62429	62804	63229	63616	63963	64271	64552	64815	65069	65316	65569	65829	66094	66362	66618	66857	67072	67249	67388	67490	67558	67597	67621	67645	67672	67717	67793	67899	68042	68225	68440	68667	68938	69226	69524	69827	70129	70426	70715	70994	71262	71517	71761	71992	72209	72413	72602	72777	72938	73083	73216	73335	73445	73547	73645	73741	73840	73944	74057	74181	74317	74467	74631	74807	74996	75195	75402	75614	75830	76047	76263	76475	76681	76881	77073	77257	77431	77595	77750	77896	78032
"total"	"2 years"	"women"	60093	57825	57881	58988	60237	61238	62016	62484	62724	62788	62721	62578	62402	61932	61508	61206	61031	60997	61089	61290	61579	61928	62305	62692	63065	63488	63872	64220	64527	64809	65073	65326	65574	65828	66088	66356	66621	66880	67119	67332	67510	67650	67752	67820	67862	67887	67909	67939	67985	68059	68168	68311	68493	68707	68936	69207	69494	69792	70094	70397	70693	70982	71260	71527	71783	72025	72256	72472	72676	72865	73039	73199	73344	73476	73595	73704	73806	73903	73999	74098	74202	74315	74438	74574	74724	74887	75064	75252	75451	75657	75869	76085	76301	76516	76728	76934	77133	77324	77506	77680	77843	77998	78142
"total"	"3 years"	"women"	58747	60587	58346	58417	59447	60673	61629	62367	62800	63021	63071	62994	62841	62657	62183	61753	61449	61272	61233	61322	61520	61807	62152	62528	62913	63286	63711	64094	64440	64750	65033	65296	65551	65800	66056	66316	66583	66853	67110	67348	67564	67743	67883	67984	68054	68095	68122	68144	68173	68220	68296	68403	68547	68731	68945	69173	69443	69730	70028	70329	70630	70926	71214	71492	71759	72014	72256	72486	72702	72905	73093	73267	73426	73571	73702	73821	73930	74031	74128	74224	74322	74426	74538	74662	74798	74947	75110	75287	75475	75673	75879	76091	76306	76522	76737	76948	77153	77351	77541	77723	77896	78059	78212
"total"	"4 years"	"women"	59861	59243	61077	58867	58879	59886	61067	61981	62681	63096	63299	63339	63254	63094	62904	62424	61994	61686	61507	61467	61553	61750	62034	62379	62754	63140	63513	63938	64321	64669	64977	65260	65527	65782	66032	66289	66552	66819	67088	67347	67586	67802	67980	68121	68223	68290	68331	68357	68381	68410	68457	68533	68643	68789	68971	69185	69413	69683	69969	70266	70568	70868	71164	71451	71729	71995	72249	72491	72720	72936	73138	73326	73500	73658	73803	73933	74052	74160	74261	74358	74453	74551	74655	74767	74891	75026	75176	75339	75515	75702	75900	76106	76318	76533	76748	76963	77174	77377	77575	77764	77945	78117	78280
"total"	"5 years"	"women"	59371	60365	59753	61589	59332	59341	60301	61440	62320	62995	63397	63591	63622	63528	63364	63166	62685	62253	61944	61762	61721	61806	62002	62287	62633	63007	63395	63769	64192	64576	64924	65234	65519	65783	66043	66293	66550	66814	67082	67351	67611	67851	68065	68245	68382	68483	68547	68588	68616	68640	68669	68719	68795	68902	69049	69232	69446	69675	69945	70231	70528	70829	71129	71424	71712	71989	72254	72508	72750	72978	73194	73395	73583	73755	73914	74057	74188	74306	74414	74515	74611	74706	74804	74908	75020	75143	75278	75428	75590	75766	75954	76151	76357	76568	76783	76998	77212	77423	77626	77822	78011	78191	78363
"total"	"6 years"	"women"	59962	59908	60861	60257	62013	59760	59738	60660	61761	62617	63280	63672	63856	63881	63781	63612	63413	62928	62494	62183	62002	61961	62044	62243	62527	62872	63249	63636	64011	64435	64819	65169	65479	65763	66031	66289	66543	66800	67065	67333	67604	67864	68104	68318	68495	68632	68730	68794	68834	68860	68884	68917	68965	69043	69152	69298	69481	69696	69921	70191	70477	70773	71074	71374	71668	71955	72232	72497	72751	72992	73220	73436	73637	73824	73996	74154	74297	74427	74545	74653	74753	74849	74944	75042	75145	75257	75380	75515	75664	75827	76002	76190	76387	76593	76804	77018	77233	77448	77658	77860	78056	78244	78424
"total"	"7 years"	"women"	59597	60489	60422	61342	60668	62395	60120	60074	60960	62037	62880	63536	63920	64099	64115	64012	63839	63635	63151	62717	62406	62222	62182	62267	62465	62750	63098	63476	63864	64239	64665	65050	65399	65712	65997	66264	66525	66778	67037	67304	67573	67843	68103	68344	68557	68733	68868	68965	69026	69067	69093	69119	69151	69202	69279	69390	69536	69718	69933	70160	70429	70715	71011	71312	71611	71905	72192	72468	72733	72986	73226	73454	73669	73869	74056	74228	74385	74528	74658	74775	74882	74982	75078	75173	75271	75374	75486	75608	75744	75892	76055	76230	76417	76614	76819	77030	77244	77459	77672	77882	78084	78279	78466
"total"	"8 years"	"women"	61718	60112	60979	60911	61727	61032	62712	60421	60356	61220	62284	63118	63766	64148	64320	64332	64226	64049	63844	63357	62926	62613	62433	62392	62479	62677	62967	63313	63692	64082	64458	64883	65269	65621	65931	66220	66488	66751	67004	67265	67531	67802	68074	68333	68572	68784	68959	69092	69187	69249	69288	69317	69340	69373	69426	69503	69614	69759	69942	70158	70386	70655	70940	71236	71536	71835	72129	72415	72691	72956	73208	73448	73676	73890	74090	74276	74448	74605	74748	74877	74994	75101	75201	75296	75391	75488	75591	75703	75825	75961	76109	76271	76447	76633	76830	77035	77246	77460	77674	77887	78097	78298	78492
"total"	"9 years"	"women"	60060	62230	60621	61480	61332	62098	61363	63005	60696	60627	61479	62534	63362	64005	64382	64551	64559	64451	64269	64063	63579	63144	62834	62652	62615	62703	62901	63192	63541	63922	64312	64689	65114	65503	65853	66166	66454	66725	66986	67243	67502	67771	68041	68313	68573	68811	69021	69194	69328	69423	69485	69520	69550	69576	69610	69661	69738	69849	69996	70177	70394	70622	70891	71177	71472	71772	72071	72364	72650	72926	73190	73442	73682	73909	74123	74323	74509	74680	74836	74979	75107	75224	75331	75431	75526	75621	75718	75821	75932	76054	76190	76338	76500	76675	76862	77059	77263	77474	77687	77901	78114	78324	78524
"total"	"10 years"	"women"	59266	60578	62727	61127	61901	61728	62430	61664	63272	60962	60892	61735	62785	63608	64249	64623	64789	64796	64685	64503	64296	63810	63376	63067	62887	62849	62941	63143	63432	63783	64163	64555	64931	65360	65748	66099	66413	66702	66972	67237	67493	67755	68024	68295	68565	68824	69062	69270	69443	69575	69670	69730	69768	69797	69823	69856	69909	69986	70097	70244	70427	70643	70872	71140	71426	71721	72020	72319	72612	72898	73173	73437	73689	73929	74155	74369	74568	74754	74925	75081	75223	75352	75468	75575	75674	75769	75864	75961	76063	76175	76297	76432	76580	76742	76917	77104	77300	77505	77715	77928	78142	78355	78564
"total"	"11 years"	"women"	58584	59775	61069	63214	61548	62288	62075	62723	61934	63519	61216	61147	61988	63033	63853	64492	64865	65030	65034	64920	64740	64529	64045	63611	63306	63127	63091	63182	63384	63676	64029	64410	64803	65181	65610	65996	66348	66664	66952	67224	67489	67747	68007	68277	68546	68817	69077	69313	69521	69693	69825	69917	69978	70017	70045	70073	70106	70158	70237	70348	70496	70679	70893	71121	71390	71675	71970	72270	72568	72861	73146	73421	73685	73937	74176	74403	74616	74815	75000	75171	75327	75469	75597	75713	75820	75919	76014	76108	76205	76307	76419	76541	76676	76824	76986	77161	77347	77544	77748	77958	78171	78385	78597
"total"	"12 years"	"women"	58318	59087	60256	61550	63621	61940	62633	62389	62991	62187	63762	61465	61402	62240	63282	64100	64739	65110	65273	65276	65162	64979	64770	64286	63856	63549	63372	63338	63431	63636	63928	64279	64662	65056	65434	65864	66249	66604	66919	67210	67483	67747	68006	68267	68535	68806	69076	69334	69569	69777	69947	70080	70172	70232	70271	70302	70327	70363	70416	70496	70606	70752	70937	71152	71379	71647	71932	72227	72526	72824	73117	73402	73677	73940	74192	74431	74657	74871	75070	75255	75426	75581	75723	75851	75967	76073	76172	76267	76361	76458	76560	76672	76794	76928	77077	77238	77413	77599	77796	78000	78210	78423	78636
"total"	"13 years"	"women"	56576	58818	59571	60732	61958	64006	62293	62950	62673	63246	62435	64005	61715	61657	62493	63534	64352	64988	65360	65522	65522	65408	65225	65017	64532	64103	63798	63624	63591	63684	63890	64183	64538	64919	65314	65693	66122	66511	66865	67181	67472	67745	68011	68269	68533	68800	69069	69340	69596	69833	70038	70209	70341	70432	70494	70534	70564	70592	70626	70679	70758	70868	71017	71199	71414	71642	71910	72195	72490	72789	73087	73379	73664	73939	74202	74453	74692	74918	75131	75330	75515	75685	75840	75982	76109	76225	76331	76430	76525	76619	76716	76818	76929	77051	77186	77334	77496	77670	77857	78053	78257	78466	78679
"total"	"14 years"	"women"	56078	57094	59299	60050	61134	62338	64350	62613	63234	62941	63491	62677	64241	61961	61911	62744	63785	64603	65238	65612	65770	65773	65655	65474	65263	64781	64353	64051	63875	63844	63937	64145	64438	64792	65176	65570	65951	66380	66770	67124	67439	67731	68003	68272	68528	68791	69057	69329	69596	69854	70090	70296	70466	70598	70690	70751	70792	70823	70851	70885	70937	71018	71129	71278	71460	71676	71904	72172	72457	72751	73050	73348	73640	73925	74199	74462	74714	74952	75178	75391	75589	75774	75944	76099	76240	76368	76484	76590	76688	76783	76877	76973	77076	77187	77309	77443	77592	77753	77928	78114	78310	78514	78723
"total"	"15 years"	"women"	55589	56648	57629	59817	60496	61551	62723	64703	62942	63537	63234	63765	62949	64511	62238	62193	63028	64067	64884	65520	65894	66050	66052	65937	65752	65542	65061	64635	64331	64158	64127	64223	64430	64723	65079	65463	65855	66238	66667	67056	67409	67726	68019	68292	68557	68814	69076	69343	69613	69881	70138	70373	70580	70751	70883	70975	71038	71078	71108	71138	71172	71225	71304	71417	71564	71747	71962	72190	72458	72743	73037	73336	73634	73926	74210	74485	74748	74999	75237	75463	75675	75874	76058	76228	76383	76524	76652	76768	76874	76973	77067	77161	77257	77360	77471	77593	77727	77875	78037	78211	78397	78593	78797
"total"	"16 years"	"women"	54270	56162	57202	58169	60279	60933	61948	63090	65043	63267	63845	63533	64049	63231	64792	62527	62489	63324	64362	65177	65816	66187	66345	66344	66227	66041	65833	65352	64925	64623	64452	64419	64516	64722	65018	65372	65757	66152	66534	66961	67351	67706	68022	68313	68585	68850	69106	69366	69635	69902	70172	70429	70662	70868	71040	71173	71267	71328	71369	71401	71428	71465	71517	71599	71710	71859	72040	72256	72484	72752	73037	73331	73630	73927	74219	74504	74778	75041	75292	75530	75756	75968	76166	76350	76520	76675	76816	76943	77059	77165	77263	77358	77451	77548	77650	77761	77883	78018	78166	78327	78501	78687	78883
"total"	"17 years"	"women"	52089	54869	56742	57774	58670	60746	61367	62347	63464	65398	63614	64178	63861	64363	63546	65108	62848	62814	63653	64689	65506	66144	66516	66672	66671	66555	66370	66159	65679	65254	64953	64780	64750	64847	65056	65351	65706	66091	66486	66867	67297	67685	68041	68357	68648	68920	69183	69439	69699	69964	70235	70503	70759	70993	71200	71371	71505	71599	71661	71702	71733	71763	71799	71851	71932	72044	72192	72376	72591	72817	73086	73370	73664	73963	74260	74552	74837	75111	75373	75624	75863	76088	76300	76498	76682	76852	77007	77148	77275	77390	77496	77595	77690	77784	77880	77982	78093	78215	78351	78499	78660	78834	79020
"total"	"18 years"	"women"	52314	52787	55559	57417	58383	59242	61279	61875	62822	63925	65846	64055	64605	64284	64770	63956	65517	63267	63238	64077	65114	65930	66569	66939	67099	67095	66976	66793	66581	66103	65679	65378	65207	65178	65276	65484	65780	66136	66521	66917	67299	67730	68118	68472	68789	69077	69350	69611	69867	70126	70390	70661	70929	71185	71420	71628	71799	71932	72026	72089	72131	72164	72191	72227	72281	72361	72473	72622	72804	73019	73247	73515	73799	74093	74392	74689	74981	75265	75539	75802	76052	76290	76516	76728	76926	77110	77279	77434	77575	77702	77817	77923	78021	78116	78210	78306	78409	78520	78642	78776	78924	79086	79260
"total"	"19 years"	"women"	51936	53084	53545	56290	58052	58987	59804	61805	62372	63292	64376	66279	64486	65021	64695	65164	64348	65903	63665	63643	64479	65514	66328	66963	67335	67490	67486	67367	67182	66972	66493	66071	65771	65601	65573	65671	65877	66174	66528	66913	67308	67688	68117	68504	68861	69177	69467	69734	69997	70250	70509	70772	71040	71306	71564	71796	72005	72177	72309	72405	72467	72507	72541	72569	72607	72660	72740	72852	73001	73182	73399	73624	73892	74176	74469	74766	75063	75354	75637	75910	76172	76422	76659	76884	77095	77292	77476	77644	77799	77939	78066	78181	78286	78384	78478	78571	78667	78769	78880	79001	79135	79283	79444
"total"	"20 years"	"women"	52240	52816	53948	54377	57015	58724	59621	60403	62359	62899	63793	64856	66740	64945	65465	65128	65580	64762	66308	64088	64073	64904	65934	66745	67376	67747	67899	67892	67774	67588	67377	66903	66479	66183	66014	65987	66085	66292	66588	66940	67324	67720	68100	68525	68918	69278	69591	69878	70147	70407	70660	70916	71177	71446	71710	71969	72201	72410	72581	72713	72805	72871	72912	72944	72973	73010	73063	73144	73256	73402	73584	73798	74024	74290	74572	74864	75160	75454	75744	76026	76297	76559	76807	77043	77267	77477	77673	77855	78023	78177	78316	78442	78556	78661	78759	78852	78945	79040	79142	79252	79373	79506	79653
"total"	"21 years"	"women"	53245	53263	53821	54923	55253	57836	59489	60360	61097	63014	63532	64399	65443	67306	65511	66013	65671	66104	65284	66821	64618	64613	65439	66464	67271	67900	68268	68419	68412	68293	68107	67897	67424	67006	66712	66544	66518	66618	66826	67124	67479	67862	68257	68637	69069	69467	69826	70143	70433	70701	70962	71213	71469	71730	71997	72263	72518	72751	72958	73128	73261	73355	73419	73460	73491	73522	73558	73612	73692	73803	73948	74131	74344	74568	74833	75113	75403	75697	75990	76278	76559	76830	77088	77336	77571	77793	78002	78197	78378	78545	78698	78836	78961	79075	79179	79276	79369	79461	79556	79657	79766	79886	80019
"total"	"22 years"	"women"	56172	54424	54446	54972	55974	56257	58785	60393	61231	61932	63813	64308	65150	66176	68023	66227	66711	66367	66782	65964	67491	65309	65310	66136	67155	67960	68591	68960	69109	69104	68985	68801	68594	68125	67713	67421	67261	67239	67341	67554	67854	68212	68598	68997	69383	69822	70228	70593	70911	71204	71473	71736	71991	72247	72506	72773	73037	73291	73525	73731	73902	74033	74127	74190	74232	74265	74295	74329	74383	74464	74575	74720	74901	75112	75335	75599	75879	76167	76460	76751	77037	77315	77584	77841	78087	78320	78541	78748	78942	79122	79288	79439	79577	79701	79814	79917	80014	80106	80198	80292	80392	80501	80621
"total"	"23 years"	"women"	60309	57514	55786	55797	56221	57173	57407	59888	61448	62255	62920	64772	65248	66065	67075	68903	67108	67579	67229	67628	66810	68328	66170	66177	67004	68020	68824	69456	69828	69979	69975	69858	69676	69471	69010	68601	68315	68161	68144	68253	68470	68773	69134	69527	69932	70328	70774	71186	71557	71880	72175	72449	72715	72970	73226	73486	73750	74015	74270	74499	74706	74875	75007	75101	75165	75207	75239	75269	75306	75360	75439	75549	75694	75873	76085	76307	76568	76846	77132	77423	77713	77997	78274	78541	78796	79041	79272	79492	79698	79892	80070	80235	80386	80522	80646	80758	80860	80956	81048	81139	81233	81333	81441
"total"	"24 years"	"women"	65745	61718	58936	57207	57123	57490	58387	58576	61005	62524	63304	63933	65758	66218	67008	68003	69815	68019	68472	68121	68502	67685	69195	67055	67076	67902	68917	69720	70353	70728	70880	70878	70763	70586	70383	69925	69524	69244	69094	69084	69196	69419	69726	70095	70493	70905	71307	71763	72180	72555	72883	73181	73458	73724	73976	74233	74492	74756	75021	75274	75505	75709	75879	76012	76104	76168	76211	76244	76275	76310	76364	76444	76554	76697	76875	77085	77306	77566	77842	78127	78416	78704	78988	79263	79528	79782	80025	80255	80473	80678	80869	81047	81211	81360	81496	81619	81730	81832	81927	82018	82109	82202	82301
"total"	"25 years"	"women"	68700	67144	63142	60340	58521	58385	58687	59532	59680	62064	63549	64306	64898	66702	67146	67912	68895	70690	68894	69331	68978	69345	68528	70031	67914	67942	68769	69783	70589	71219	71599	71751	71748	71637	71462	71262	70809	70413	70139	69992	69987	70104	70330	70644	71015	71419	71836	72244	72703	73128	73505	73836	74134	74410	74678	74931	75185	75445	75708	75971	76223	76456	76658	76828	76959	77053	77117	77158	77192	77223	77259	77314	77392	77502	77646	77824	78032	78251	78509	78783	79066	79354	79640	79922	80195	80459	80711	80952	81182	81400	81603	81795	81971	82134	82282	82417	82539	82650	82751	82845	82936	83026	83119
"total"	"26 years"	"women"	71743	70038	68462	64460	61557	59691	59493	59737	60535	60654	63003	64455	65192	65757	67536	67965	68712	69682	71464	69669	70092	69737	70090	69272	70772	68676	68715	69543	70555	71360	71994	72375	72527	72527	72417	72244	72047	71600	71207	70940	70798	70795	70917	71148	71466	71845	72252	72674	73086	73551	73978	74359	74689	74987	75262	75530	75782	76038	76297	76559	76821	77073	77303	77506	77675	77806	77900	77964	78006	78041	78068	78106	78159	78240	78349	78491	78667	78875	79094	79350	79623	79904	80190	80474	80753	81026	81288	81539	81778	82006	82222	82424	82613	82789	82950	83098	83231	83353	83462	83563	83657	83747	83836
"total"	"27 years"	"women"	73362	72989	71292	69672	65583	62629	60708	60458	60647	61412	61509	63824	65252	65973	66508	68269	68689	69414	70375	72144	70351	70758	70403	70742	69929	71421	69348	69397	70224	71233	72039	72675	73055	73213	73212	73104	72934	72738	72296	71908	71645	71506	71509	71635	71871	72194	72575	72987	73412	73827	74294	74723	75104	75434	75731	76007	76273	76527	76781	77041	77301	77563	77814	78043	78248	78415	78545	78639	78703	78747	78780	78810	78847	78900	78980	79087	79230	79406	79613	79830	80086	80356	80636	80920	81202	81480	81750	82011	82261	82499	82725	82938	83140	83328	83503	83663	83809	83942	84063	84172	84272	84365	84454
"total"	"28 years"	"women"	74953	74491	74133	72421	70687	66561	63546	61582	61281	61432	62168	62250	64538	65942	66649	67157	68903	69315	70023	70978	72733	70939	71330	70977	71304	70494	71984	69932	69990	70817	71827	72633	73272	73654	73811	73812	73703	73537	73343	72906	72523	72264	72130	72135	72266	72508	72836	73220	73634	74061	74481	74948	75377	75759	76089	76386	76660	76926	77181	77435	77694	77957	78217	78466	78697	78899	79066	79196	79289	79354	79397	79431	79461	79499	79553	79631	79739	79881	80056	80261	80477	80731	81000	81278	81560	81841	82117	82386	82645	82894	83130	83356	83568	83768	83955	84129	84288	84435	84568	84687	84796	84895	84988
"total"	"29 years"	"women"	71907	75997	75543	75176	73376	71572	67398	64338	62327	61992	62110	62827	62895	65156	66544	67236	67724	69454	69860	70552	71499	73242	71451	71829	71478	71793	70989	72473	70446	70514	71342	72350	73156	73794	74181	74337	74340	74238	74070	73878	73445	73066	72809	72682	72693	72828	73073	73402	73791	74208	74635	75055	75525	75954	76333	76662	76959	77235	77499	77753	78009	78268	78529	78791	79042	79269	79471	79637	79768	79862	79926	79969	80003	80035	80072	80125	80204	80313	80453	80628	80832	81047	81299	81567	81845	82126	82405	82680	82947	83204	83451	83686	83909	84121	84319	84505	84677	84835	84980	85112	85230	85339	85438
"total"	"30 years"	"women"	70828	72859	76952	76485	76039	74192	72313	68098	64994	62955	62591	62681	63383	63441	65679	67049	67735	68200	69920	70320	70994	71937	73670	71880	72245	71898	72206	71403	72886	70878	70955	71785	72793	73600	74239	74629	74787	74793	74691	74525	74337	73906	73533	73280	73156	73171	73312	73559	73892	74284	74702	75131	75551	76021	76449	76827	77156	77452	77728	77993	78248	78502	78761	79023	79285	79533	79760	79962	80130	80260	80354	80418	80463	80497	80528	80564	80617	80697	80804	80946	81120	81322	81537	81789	82056	82332	82611	82889	83164	83429	83685	83931	84165	84387	84597	84795	84980	85151	85308	85453	85584	85702	85809
"total"	"31 years"	"women"	68140	71673	73719	77783	77237	76751	74850	72905	68655	65524	63460	63073	63141	63827	63879	66097	67455	68133	68583	70291	70685	71351	72285	74011	72225	72583	72236	72538	71740	73221	71232	71320	72152	73158	73967	74609	75002	75163	75169	75069	74904	74719	74292	73921	73675	73555	73574	73717	73969	74303	74696	75115	75545	75966	76433	76860	77238	77566	77863	78138	78404	78659	78913	79172	79434	79695	79944	80171	80373	80539	80670	80763	80828	80870	80907	80937	80976	81029	81108	81215	81354	81527	81732	81946	82197	82462	82737	83015	83291	83563	83828	84083	84328	84561	84783	84992	85188	85372	85543	85700	85843	85973	86091
"total"	"32 years"	"women"	66995	68900	72426	74463	78442	77856	77319	75374	73372	69096	65945	63863	63456	63504	64181	64227	66431	67781	68451	68887	70586	70974	71628	72562	74282	72499	72850	72507	72804	72012	73490	71520	71616	72451	73459	74270	74915	75310	75471	75482	75382	75220	75036	74613	74247	74004	73888	73909	74056	74310	74646	75039	75460	75891	76310	76776	77201	77579	77907	78203	78479	78744	78999	79254	79514	79775	80035	80284	80512	80713	80880	81009	81104	81167	81212	81248	81278	81316	81370	81449	81556	81696	81869	82072	82285	82535	82799	83073	83350	83625	83896	84160	84414	84658	84890	85110	85319	85515	85697	85868	86024	86167	86296
"total"	"33 years"	"women"	65469	67679	69585	73093	75063	78994	78357	77779	75796	73749	69459	66290	64194	63770	63802	64471	64513	66703	68043	68712	69132	70826	71212	71855	72791	74507	72729	73071	72732	73026	72239	73717	71764	71870	72706	73717	74530	75176	75574	75737	75747	75651	75490	75308	74888	74526	74284	74172	74197	74344	74600	74938	75331	75749	76180	76599	77063	77487	77866	78193	78489	78766	79031	79285	79540	79799	80062	80321	80570	80799	80998	81166	81296	81389	81455	81499	81535	81565	81603	81658	81736	81844	81984	82156	82357	82569	82818	83081	83355	83631	83906	84176	84438	84691	84935	85167	85386	85594	85789	85972	86141	86297	86439
"total"	"34 years"	"women"	63257	66090	68294	70181	73617	75555	79429	78753	78142	76131	74051	69744	66564	64454	64016	64033	64697	64738	66919	68254	68916	69326	71012	71398	72039	72971	74687	72913	73252	72916	73205	72423	73903	71966	72081	72920	73933	74747	75397	75797	75963	75976	75878	75719	75537	75120	74760	74523	74412	74438	74587	74845	75184	75577	75995	76423	76843	77307	77730	78106	78433	78731	79007	79274	79529	79783	80041	80303	80565	80812	81039	81239	81407	81536	81630	81695	81742	81778	81808	81846	81900	81979	82085	82225	82397	82597	82809	83058	83322	83594	83869	84143	84412	84674	84926	85168	85398	85618	85825	86019	86201	86369	86525
"total"	"35 years"	"women"	62076	63824	66641	68824	70644	74038	75934	79765	79054	78419	76387	74279	69962	66771	64647	64197	64206	64865	64905	67079	68408	69068	69467	71153	71539	72176	73113	74825	73056	73390	73060	73348	72572	74052	72130	72254	73096	74110	74929	75580	75984	76151	76164	76070	75912	75732	75316	74959	74723	74614	74642	74795	75051	75390	75782	76201	76629	77046	77509	77931	78309	78635	78932	79208	79474	79729	79987	80245	80506	80766	81014	81241	81442	81610	81739	81834	81899	81943	81981	82011	82048	82104	82184	82289	82428	82599	82801	83012	83259	83522	83793	84067	84340	84609	84871	85122	85363	85594	85813	86019	86214	86395	86563
"total"	"36 years"	"women"	62118	62594	64328	67117	69232	71018	74361	76224	80014	79280	78628	76583	74450	70127	66927	64795	64336	64333	64992	65034	67197	68525	69182	69574	71260	71647	72283	73221	74934	73169	73498	73173	73460	72691	74173	72264	72396	73243	74259	75080	75736	76143	76310	76324	76231	76075	75897	75483	75127	74893	74786	74816	74967	75227	75564	75954	76373	76798	77218	77678	78101	78479	78805	79102	79376	79645	79900	80157	80415	80676	80935	81183	81412	81611	81778	81910	82002	82069	82114	82151	82182	82220	82274	82355	82461	82599	82770	82971	83182	83429	83690	83961	84235	84508	84776	85037	85288	85528	85758	85976	86181	86376	86556
"total"	"37 years"	"women"	61757	62591	63047	64757	67475	69555	71294	74597	76429	80192	79442	78777	76720	74567	70236	67030	64891	64423	64415	65072	65117	67273	68595	69255	69641	71328	71720	72351	73292	75004	73242	73570	73252	73538	72774	74262	72365	72505	73355	74373	75197	75856	76265	76436	76451	76360	76205	76026	75614	75260	75027	74921	74951	75106	75360	75700	76090	76508	76934	77351	77811	78234	78611	78937	79233	79509	79775	80031	80288	80546	80809	81069	81317	81543	81744	81910	82041	82136	82201	82246	82282	82315	82353	82407	82486	82593	82733	82903	83103	83314	83560	83821	84092	84365	84637	84905	85165	85415	85655	85885	86103	86308	86501
"total"	"38 years"	"women"	63666	62213	63016	63439	65087	67763	69797	71499	74767	76579	80322	79557	78884	76817	74647	70311	67099	64953	64477	64463	65117	65162	67313	68636	69297	69680	71366	71760	72391	73334	75047	73290	73617	73303	73592	72834	74323	72440	72587	73441	74461	75286	75948	76361	76532	76550	76460	76305	76126	75716	75362	75132	75027	75057	75210	75467	75804	76196	76613	77037	77453	77915	78334	78713	79038	79334	79610	79878	80132	80389	80648	80910	81169	81417	81645	81845	82011	82142	82237	82301	82348	82384	82416	82456	82510	82588	82695	82834	83005	83204	83415	83661	83922	84191	84464	84736	85003	85262	85512	85752	85980	86197	86403
"total"	"39 years"	"women"	61738	64060	62616	63381	63740	65351	67976	69975	71646	74886	76684	80408	79635	78957	76881	74693	70353	67137	64984	64501	64482	65134	65180	67329	68654	69316	69695	71384	71779	72410	73356	75070	73319	73643	73335	73623	72873	74364	72495	72648	73505	74529	75358	76023	76436	76610	76630	76539	76385	76207	75797	75446	75216	75112	75141	75294	75553	75888	76278	76695	77120	77536	77997	78417	78794	79119	79414	79692	79959	80214	80471	80731	80991	81251	81499	81726	81925	82092	82224	82317	82384	82430	82466	82498	82537	82591	82669	82777	82916	83088	83286	83497	83743	84003	84272	84544	84815	85082	85340	85590	85830	86059	86275
"total"	"40 years"	"women"	60044	62129	64413	62966	63658	63976	65542	68125	70095	71741	74960	76749	80458	79677	78992	76911	74709	70364	67144	64989	64499	64472	65123	65175	67321	68647	69310	69687	71377	71777	72409	73356	75070	73324	73650	73346	73636	72890	74386	72526	72688	73548	74574	75405	76071	76490	76666	76686	76597	76441	76265	75858	75504	75276	75172	75204	75358	75613	75950	76340	76755	77180	77595	78055	78476	78850	79177	79473	79750	80017	80271	80528	80788	81048	81308	81556	81783	81983	82150	82281	82375	82441	82487	82524	82557	82595	82650	82728	82835	82975	83145	83344	83553	83799	84060	84328	84600	84871	85137	85396	85645	85883	86112
"total"	"41 years"	"women"	60580	60405	62469	64706	63227	63873	64143	65675	68222	70170	71798	75000	76782	80479	79689	79000	76915	74701	70354	67131	64969	64475	64441	65098	65153	67297	68623	69291	69666	71359	71761	72393	73345	75062	73320	73644	73346	73638	72899	74400	72549	72715	73580	74608	75441	76110	76531	76707	76728	76640	76485	76309	75900	75550	75322	75218	75251	75402	75659	75996	76385	76799	77225	77640	78100	78520	78895	79221	79517	79794	80060	80316	80572	80832	81092	81353	81600	81827	82026	82193	82325	82419	82484	82531	82567	82601	82640	82694	82772	82880	83020	83190	83389	83598	83843	84102	84372	84644	84914	85179	85437	85686	85925
"total"	"42 years"	"women"	61183	60915	60727	62769	64935	63443	64035	64267	65767	68287	70217	71830	75019	76794	80480	79686	78994	76902	74678	70329	67102	64934	64437	64403	65062	65120	67266	68595	69266	69638	71333	71742	72371	73328	75047	73310	73634	73340	73635	72902	74404	72566	72739	73606	74636	75473	76144	76565	76744	76767	76678	76524	76348	75941	75593	75363	75262	75293	75445	75703	76040	76427	76844	77266	77681	78140	78561	78937	79260	79560	79835	80101	80357	80614	80873	81134	81394	81641	81868	82067	82236	82367	82460	82527	82572	82610	82643	82683	82737	82818	82924	83063	83233	83431	83640	83886	84145	84413	84684	84954	85220	85478	85727
"total"	"43 years"	"women"	63554	61484	61199	60995	62989	65106	63596	64143	64341	65816	68313	70229	71829	75006	76778	80454	79655	78959	76868	74634	70280	67052	64882	64380	64347	65008	65073	67220	68552	69224	69597	71293	71705	72336	73298	75017	73285	73610	73323	73620	72889	74398	72568	72746	73619	74649	75488	76162	76585	76765	76789	76702	76547	76370	75964	75617	75390	75289	75320	75472	75731	76065	76454	76869	77293	77706	78166	78585	78961	79286	79584	79860	80126	80381	80638	80899	81161	81419	81667	81894	82094	82262	82391	82487	82555	82601	82638	82672	82710	82765	82845	82951	83091	83260	83460	83668	83913	84172	84440	84711	84980	85245	85504
"total"	"44 years"	"women"	66291	63811	61737	61432	61189	63156	65218	63694	64203	64373	65830	68309	70209	71800	74966	76730	80399	79597	78901	76806	74562	70208	66978	64808	64306	64272	64936	65006	67152	68486	69162	69534	71235	71648	72282	73245	74969	73238	73564	73281	73579	72856	74367	72547	72731	73603	74638	75478	76155	76581	76761	76785	76698	76544	76369	75964	75616	75391	75288	75321	75474	75730	76067	76455	76869	77294	77708	78166	78587	78961	79287	79582	79861	80128	80383	80640	80902	81162	81422	81671	81895	82095	82263	82394	82490	82558	82604	82641	82673	82713	82770	82850	82956	83094	83265	83464	83674	83918	84176	84443	84714	84985	85251
"total"	"45 years"	"women"	65147	66513	64032	61950	61609	61345	63274	65293	63758	64234	64381	65821	68283	70172	71752	74908	76671	80333	79527	78830	76735	74482	70125	66897	64726	64225	64192	64859	64935	67081	68419	69097	69469	71171	71590	72224	73193	74916	73191	73517	73240	73541	72823	74337	72525	72715	73591	74627	75470	76147	76574	76758	76780	76694	76541	76365	75962	75617	75392	75290	75322	75475	75734	76068	76457	76871	77296	77711	78169	78589	78964	79288	79586	79862	80132	80387	80644	80904	81166	81425	81675	81902	82101	82267	82399	82494	82562	82609	82646	82680	82720	82776	82857	82963	83101	83271	83471	83680	83924	84182	84451	84723	84992
"total"	"46 years"	"women"	66108	65358	66698	64213	62105	61739	61446	63347	65324	63784	64231	64358	65784	68231	70110	71682	74828	76587	80244	79435	78739	76641	74379	70026	66798	64627	64129	64098	64768	64848	66996	68336	69017	69389	71095	71518	72153	73125	74854	73132	73459	73186	73489	72775	74294	72489	72685	73565	74602	75447	76126	76555	76737	76762	76676	76526	76349	75948	75601	75378	75277	75310	75464	75720	76057	76445	76859	77284	77698	78156	78575	78952	79277	79573	79852	80119	80375	80633	80894	81156	81414	81664	81891	82090	82258	82390	82485	82552	82599	82638	82672	82712	82769	82849	82955	83095	83264	83463	83673	83918	84176	84444	84715
"total"	"47 years"	"women"	65928	66293	65532	66848	64346	62219	61826	61511	63385	65327	63783	64205	64314	65726	68161	70028	71592	74731	76490	80138	79329	78634	76537	74269	69918	66695	64525	64024	63995	64668	64753	66901	68245	68931	69303	71012	71439	72076	73051	74784	73066	73395	73126	73432	72724	74247	72451	72651	73533	74572	75418	76099	76531	76714	76739	76653	76502	76328	75927	75582	75359	75259	75294	75448	75703	76040	76430	76843	77266	77680	78140	78560	78934	79260	79560	79835	80103	80360	80619	80877	81140	81400	81649	81876	82077	82244	82376	82472	82541	82587	82625	82661	82701	82757	82836	82943	83084	83255	83453	83663	83907	84165	84434
"total"	"48 years"	"women"	64308	66082	66431	65663	66942	64431	62288	61870	61537	63389	65300	63757	64154	64248	65646	68069	69929	71486	74615	76370	80019	79205	78514	76417	74147	69800	66579	64410	63911	63882	64559	64651	66801	68147	68837	69210	70921	71353	71990	72972	74708	72992	73323	73060	73369	72664	74192	72405	72610	73493	74535	75383	76067	76499	76681	76709	76624	76473	76299	75900	75556	75332	75234	75268	75424	75679	76016	76404	76821	77242	77658	78115	78537	78911	79237	79534	79812	80081	80338	80596	80855	81119	81378	81628	81855	82056	82223	82356	82452	82521	82567	82607	82641	82682	82739	82819	82926	83066	83236	83434	83644	83889	84147
"total"	"49 years"	"women"	62925	64446	66212	66537	65748	67002	64478	62320	61879	61532	63368	65253	63706	64087	64163	65554	67963	69816	71367	74489	76245	79888	79075	78388	76296	74021	69677	66460	64292	63793	63766	64446	64544	66696	68044	68737	69114	70828	71263	71904	72891	74630	72919	73251	72993	73305	72605	74136	72354	72565	73450	74495	75345	76029	76461	76646	76672	76590	76438	76265	75868	75525	75302	75204	75241	75395	75652	75988	76377	76791	77215	77630	78086	78508	78883	79210	79508	79786	80055	80311	80570	80831	81094	81353	81603	81830	82031	82200	82332	82429	82497	82546	82584	82619	82660	82717	82796	82906	83045	83217	83415	83625	83870
"total"	"50 years"	"women"	65491	63026	64550	66308	66602	65801	67026	64492	62323	61868	61508	63327	65186	63642	64000	64064	65444	67844	69689	71235	74350	76108	79745	78935	78255	76167	73890	69548	66333	64166	63667	63644	64328	64431	66584	67935	68633	69010	70730	71169	71812	72803	74545	72837	73172	72918	73233	72537	74075	72301	72515	73405	74450	75300	75985	76418	76604	76629	76548	76399	76227	75828	75487	75266	75168	75205	75360	75617	75953	76342	76757	77180	77596	78054	78474	78850	79177	79475	79755	80023	80280	80538	80800	81063	81324	81573	81801	82003	82171	82304	82400	82469	82518	82556	82594	82635	82690	82772	82880	83019	83190	83391	83599
"total"	"51 years"	"women"	68047	65560	63102	64625	66364	66637	65823	67019	64480	62301	61831	61464	63267	65102	63560	63900	63952	65323	67714	69551	71093	74201	75956	79597	78790	78115	76031	73750	69413	66201	64036	63540	63518	64204	64310	66466	67823	68523	68903	70623	71068	71714	72709	74454	72752	73086	72840	73156	72465	74005	72240	72462	73353	74399	75250	75933	76368	76553	76582	76498	76350	76180	75783	75443	75223	75127	75162	75317	75576	75913	76301	76718	77139	77555	78015	78435	78810	79139	79437	79716	79985	80243	80500	80762	81026	81288	81536	81764	81966	82135	82269	82365	82435	82483	82524	82559	82603	82660	82740	82849	82989	83161	83359
"total"	"52 years"	"women"	68332	68090	65599	63143	64659	66387	66635	65808	66979	64440	62254	61770	61394	63183	64998	63458	63781	63821	65182	67562	69396	70931	74033	75793	79432	78629	77960	75880	73598	69264	66055	63894	63397	63375	64066	64178	66332	67693	68397	68776	70503	70954	71600	72600	74348	72652	72988	72743	73064	72375	73919	72161	72386	73277	74325	75176	75861	76294	76481	76511	76429	76282	76112	75717	75378	75160	75063	75100	75257	75514	75852	76240	76656	77080	77495	77953	78374	78750	79079	79377	79657	79925	80183	80444	80706	80969	81231	81481	81710	81911	82081	82214	82312	82383	82431	82472	82508	82550	82608	82690	82798	82939	83111
"total"	"53 years"	"women"	68378	68345	68101	65604	63142	64656	66372	66596	65758	66910	64368	62178	61685	61300	63078	64872	63332	63641	63669	65023	67395	69222	70755	73852	75615	79255	78455	77795	75719	73433	69103	65897	63738	63243	63222	63917	64035	66190	67554	68262	68644	70373	70829	71477	72484	74235	72540	72878	72639	72961	72279	73825	72075	72303	73194	74241	75094	75779	76214	76400	76432	76352	76205	76037	75641	75304	75086	74991	75029	75185	75445	75780	76170	76587	77012	77425	77886	78306	78682	79012	79311	79591	79860	80118	80378	80642	80906	81167	81418	81648	81849	82019	82153	82251	82322	82373	82413	82449	82492	82551	82632	82741	82882
"total"	"54 years"	"women"	68203	68354	68325	68081	65570	63111	64621	66324	66531	65686	66817	64277	62085	61579	61189	62953	64729	63193	63487	63502	64851	67214	69036	70566	73662	75427	79068	78272	77622	75546	73260	68935	65732	63576	63081	63065	63761	63882	66040	67407	68118	68503	70238	70698	71349	72359	74114	72422	72764	72528	72853	72175	73726	71981	72213	73105	74151	75003	75688	76125	76315	76346	76266	76121	75953	75559	75223	75006	74913	74950	75108	75367	75707	76095	76511	76935	77352	77811	78232	78608	78938	79237	79517	79788	80048	80308	80572	80836	81099	81349	81579	81783	81950	82085	82184	82254	82305	82346	82383	82428	82486	82569	82679
"total"	"55 years"	"women"	62955	68148	68303	68277	68023	65507	63048	64553	66247	66439	65588	66703	64163	61969	61456	61063	62814	64573	63040	63318	63328	64669	67023	68843	70372	73464	75234	78877	78085	77441	75372	73082	68763	65564	63410	62917	62902	63602	63729	65889	67258	67974	68363	70099	70564	71220	72236	73994	72307	72647	72417	72745	72072	73623	71885	72118	73012	74058	74911	75598	76034	76223	76256	76177	76033	75867	75476	75142	74926	74832	74873	75030	75290	75627	76017	76434	76859	77275	77735	78156	78534	78863	79164	79444	79715	79975	80236	80499	80765	81029	81279	81507	81712	81882	82017	82117	82189	82239	82282	82318	82363	82422	82504
"total"	"56 years"	"women"	60310	62883	68061	68222	68191	67933	65407	62949	64454	66140	66316	65462	66562	64025	61829	61309	60912	62652	64392	62865	63130	63131	64466	66816	68630	70160	73251	75022	78663	77878	77240	75176	72886	68574	65378	63228	62735	62724	63427	63557	65718	67092	67812	68200	69941	70411	71067	72088	73847	72163	72505	72281	72610	71940	73494	71764	71999	72894	73940	74792	75480	75918	76108	76142	76062	75921	75756	75367	75034	74819	74727	74769	74927	75187	75526	75916	76332	76757	77175	77635	78056	78433	78764	79065	79346	79616	79879	80141	80404	80671	80934	81185	81415	81618	81789	81925	82026	82097	82150	82193	82232	82275	82337
"total"	"57 years"	"women"	58149	60219	62785	67950	68106	68078	67811	65279	62823	64329	66008	66172	65315	66400	63867	61672	61144	60743	62472	64198	62675	62930	62921	64258	66598	68413	69942	73030	74806	78445	77662	77033	74975	72684	68378	65186	63041	62549	62539	63244	63381	65540	66915	67638	68030	69773	70247	70907	71931	73693	72012	72354	72132	72465	71802	73358	71633	71871	72767	73813	74664	75353	75791	75983	76018	75942	75802	75637	75249	74918	74705	74614	74658	74816	75077	75416	75807	76222	76650	77066	77526	77950	78327	78657	78959	79241	79513	79775	80038	80302	80569	80831	81083	81314	81518	81690	81828	81928	82001	82053	82097	82136	82181
"total"	"58 years"	"women"	57567	58029	60093	62652	67796	67952	67922	67651	65113	62664	64172	65844	65996	65137	66209	63681	61484	60955	60550	62269	63981	62463	62708	62696	64027	66364	68178	69705	72789	74567	78204	77428	76805	74752	72464	68162	64978	62834	62345	62337	63045	63184	65346	66724	67450	67842	69590	70066	70726	71753	73517	71840	72184	71969	72303	71646	73201	71483	71725	72618	73665	74519	75208	75648	75840	75876	75801	75662	75499	75115	74785	74572	74483	74527	74686	74948	75287	75679	76095	76523	76941	77402	77825	78203	78534	78837	79118	79391	79654	79917	80183	80450	80713	80966	81197	81402	81575	81712	81814	81888	81943	81985	82026
"total"	"59 years"	"women"	57162	57417	57883	59939	62486	67611	67764	67732	67455	64920	62477	63984	65652	65793	64933	65992	63472	61278	60743	60337	62047	63744	62232	62470	62454	63782	66114	67925	69452	72533	74311	77950	77177	76563	74516	72228	67935	64757	62618	62129	62124	62836	62978	65140	66521	67250	67643	69392	69873	70534	71565	73331	71658	72005	71792	72130	71478	73033	71322	71567	72461	73508	74363	75052	75494	75687	75724	75652	75513	75352	74968	74640	74431	74343	74387	74549	74812	75151	75542	75962	76389	76807	77268	77690	78071	78401	78707	78988	79263	79525	79788	80056	80322	80589	80842	81075	81279	81453	81590	81693	81768	81822	81866
"total"	"60 years"	"women"	56943	56986	57239	57709	59754	62287	67388	67538	67509	67229	64693	62260	63768	65428	65561	64703	65750	63236	61046	60507	60101	61802	63485	61982	62211	62192	63520	65845	67653	69179	72257	74036	77674	76906	76299	74258	71972	67690	64519	62384	61899	61894	62608	62755	64917	66299	67030	67426	69176	69662	70324	71358	73125	71458	71803	71597	71935	71291	72848	71144	71389	72285	73334	74188	74877	75320	75515	75554	75484	75347	75189	74805	74481	74273	74186	74232	74392	74656	74998	75392	75810	76239	76656	77117	77542	77921	78255	78559	78841	79118	79381	79644	79912	80180	80447	80702	80935	81140	81315	81454	81555	81632	81685
"total"	"61 years"	"women"	57595	56738	56788	57038	57510	59540	62060	67136	67286	67259	66979	64446	62021	63529	65182	65307	64450	65487	62984	60795	60254	59847	61541	63208	61716	61940	61917	63242	65560	67366	68892	71964	73746	77379	76618	76020	73986	71704	67431	64269	62138	61655	61652	62370	62521	64682	66064	66799	67198	68948	69437	70101	71140	72904	71244	71589	71386	71730	71091	72649	70951	71200	72097	73143	73999	74690	75134	75329	75371	75302	75167	75009	74630	74306	74101	74017	74062	74226	74492	74832	75225	75647	76073	76493	76956	77381	77762	78095	78400	78684	78960	79223	79491	79760	80028	80295	80551	80783	80991	81168	81306	81411	81487
"total"	"62 years"	"women"	56864	57351	56509	56561	56802	57275	59290	61797	66848	66996	66974	66692	64167	61752	63257	64907	65022	64167	65193	62699	60520	59973	59566	61253	62905	61424	61641	61618	62939	65250	67053	68577	71644	73429	77056	76303	75711	73686	71409	67148	63992	61867	61388	61388	62108	62262	64422	65805	66543	66943	68694	69186	69854	70891	72653	71001	71347	71147	71495	70863	72421	70732	70984	71880	72928	73784	74477	74918	75118	75161	75094	74961	74805	74430	74108	73904	73821	73870	74034	74300	74643	75038	75457	75886	76307	76771	77196	77579	77912	78219	78504	78781	79045	79314	79582	79852	80121	80376	80612	80822	80996	81136	81241
"total"	"63 years"	"women"	56283	56589	57080	56247	56299	56530	57002	59002	61495	66521	66672	66654	66372	63850	61448	62955	64599	64706	63854	64868	62384	60211	59664	59258	60935	62575	61104	61315	61288	62607	64912	66711	68235	71296	73079	76704	75958	75375	73359	71086	66836	63692	61576	61098	61100	61823	61982	64139	65524	66262	66664	68419	68913	69582	70620	72379	70734	71084	70888	71239	70611	72171	70492	70746	71643	72691	73548	74241	74686	74887	74931	74866	74736	74584	74209	73889	73689	73609	73658	73824	74092	74434	74830	75252	75682	76103	76567	76993	77378	77713	78018	78305	78585	78850	79118	79388	79660	79928	80186	80421	80632	80808	80950
"total"	"64 years"	"women"	54728	55979	56286	56778	55951	56001	56223	56695	58682	61161	66162	66315	66302	66019	63506	61117	62621	64258	64359	63511	64514	62045	59879	59330	58926	60594	62222	60759	60966	60937	62254	64551	66348	67870	70925	72710	76329	75589	75016	73008	70744	66507	63374	61264	60789	60793	61518	61683	63837	65224	65964	66368	68122	68619	69289	70327	72085	70446	70799	70609	70963	70342	71904	70233	70490	71388	72435	73292	73987	74433	74636	74684	74621	74493	74342	73972	73656	73458	73378	73429	73597	73867	74211	74608	75029	75461	75884	76347	76777	77160	77497	77805	78093	78371	78640	78908	79181	79453	79724	79982	80217	80429	80609
"total"	"65 years"	"women"	55590	54391	55640	55945	56432	55611	55661	55876	56351	58324	60790	65762	65917	65910	65628	63124	60753	62254	63886	63982	63140	64130	61674	59519	58970	58569	60228	61840	60391	60590	60562	61877	64167	65959	67478	70527	72314	75928	75197	74632	72636	70378	66158	63037	60935	60464	60472	61198	61367	63519	64906	65650	66055	67808	68308	68976	70015	71769	70142	70495	70312	70669	70056	71615	69956	70216	71114	72163	73021	73716	74163	74369	74419	74359	74233	74086	73718	73406	73210	73133	73186	73355	73626	73972	74370	74793	75224	75648	76114	76543	76927	77264	77575	77864	78145	78415	78685	78957	79231	79503	79761	79999	80212
"total"	"66 years"	"women"	54914	55212	54022	55263	55567	56050	55238	55287	55495	55969	57930	60381	65324	65483	65482	65203	62710	60356	61856	63481	63571	62732	63714	61276	59130	58584	58184	59835	61432	59997	60194	60164	61475	63757	65546	67066	70106	71894	75500	74777	74221	72237	69987	65786	62678	60585	60116	60127	60855	61028	63180	64564	65311	65717	67467	67968	68639	69680	71429	69811	70166	69989	70349	69746	71304	69656	69918	70818	71865	72725	73421	73871	74079	74130	74073	73951	73806	73442	73134	72938	72865	72922	73093	73364	73711	74110	74536	74968	75392	75859	76290	76675	77014	77324	77617	77897	78170	78441	78714	78991	79263	79522	79762
"total"	"67 years"	"women"	54107	54502	54800	53618	54851	55150	55630	54825	54876	55078	55557	57503	59941	64852	65014	65020	64744	62266	59929	61428	63048	63130	62299	63272	60851	58717	58173	57774	59419	61002	59584	59775	59747	61054	63326	65114	66630	69663	71449	75046	74334	73787	71816	69577	65395	62299	60216	59754	59766	60496	60673	62819	64207	64955	65361	67109	67613	68284	69324	71073	69466	69822	69649	70015	69416	70979	69338	69606	70505	71555	72413	73111	73562	73771	73828	73774	73654	73514	73154	72847	72657	72586	72644	72817	73091	73440	73840	74266	74699	75125	75594	76023	76412	76752	77064	77356	77639	77913	78186	78462	78739	79013	79274
"total"	"68 years"	"women"	55776	53653	54056	54353	53177	54402	54699	55176	54381	54435	54632	55114	57046	59471	64348	64515	64529	64257	61795	59478	60974	62588	62667	61843	62807	60405	58286	57746	57351	58988	60560	59155	59345	59317	60622	62885	64670	66181	69209	70992	74583	73877	73340	71384	69157	64995	61915	59843	59385	59401	60132	60312	62456	63842	64589	65000	66744	67249	67923	68964	70709	69112	69471	69305	69674	69084	70645	69015	69286	70188	71235	72096	72794	73249	73461	73519	73469	73354	73215	72859	72556	72370	72302	72363	72540	72814	73165	73567	73993	74429	74856	75325	75758	76145	76488	76803	77097	77383	77655	77930	78207	78487	78762
"total"	"69 years"	"women"	57510	55263	53170	53574	53869	52702	53920	54214	54689	53908	53962	54155	54643	56563	58968	63815	63986	64007	63740	61297	58999	60494	62101	62177	61366	62321	59939	57840	57301	56913	58545	60099	58712	58899	58874	60178	62430	64211	65720	68737	70522	74103	73409	72881	70938	68726	64585	61523	59464	59006	59026	59759	59944	62083	63464	64215	64627	66368	66877	67552	68593	70335	68750	69111	68951	69326	68744	70304	68687	68959	69860	70911	71772	72473	72930	73143	73205	73158	73048	72913	72561	72263	72080	72015	72078	72257	72532	72886	73290	73717	74155	74585	75053	75488	75879	76223	76539	76835	77121	77398	77675	77953	78233
"total"	"70 years"	"women"	59086	56928	54708	52644	53049	53341	52184	53392	53689	54163	53394	53453	53641	54135	56040	58433	63242	63419	63450	63188	60765	58491	59980	61583	61657	60855	61801	59444	57361	56827	56444	58066	59605	58236	58418	58397	59696	61938	63715	65223	68231	70014	73584	72902	72386	70460	68261	64146	61102	59051	58601	58624	59359	59548	61681	63062	63813	64228	65966	66477	67154	68198	69935	68362	68726	68575	68951	68378	69940	68335	68611	69514	70564	71426	72129	72589	72806	72872	72829	72721	72589	72243	71949	71770	71708	71775	71956	72235	72590	72995	73424	73865	74295	74768	75203	75595	75942	76261	76558	76847	77124	77403	77684
"total"	"71 years"	"women"	58760	58415	56288	54097	52062	52467	52760	51616	52817	53112	53586	52832	52897	53083	53581	55470	57848	62617	62801	62840	62587	60184	57938	59423	61018	61089	60301	61237	58904	56842	56314	55934	57548	59073	57722	57901	57882	59176	61406	63182	64687	67686	69464	73023	72354	71851	69942	67761	63670	60646	58609	58163	58190	58927	59121	61247	62627	63379	63797	65533	66047	66725	67768	69506	67943	68310	68166	68548	67984	69544	67953	68232	69139	70189	71053	71756	72218	72440	72509	72469	72367	72240	71898	71609	71433	71375	71447	71629	71912	72268	72675	73107	73549	73981	74455	74893	75288	75637	75956	76256	76547	76827	77109
"total"	"72 years"	"women"	58539	58011	57679	55587	53427	51425	51831	52124	50995	52187	52483	52958	52220	52288	52475	52978	54851	57210	61938	62130	62179	61932	59558	57336	58814	60406	60473	59699	60628	58324	56282	55761	55387	56993	58502	57170	57348	57331	58620	60841	62611	64112	67098	68876	72421	71766	71277	69387	67222	63161	60158	58137	57695	57728	58466	58668	60788	62163	62918	63337	65070	65588	66269	67313	69047	67497	67870	67732	68117	67565	69124	67545	67830	68737	69788	70653	71360	71824	72050	72123	72087	71991	71867	71532	71247	71076	71023	71096	71281	71566	71926	72338	72769	73214	73649	74124	74563	74960	75313	75633	75936	76230	76513
"total"	"73 years"	"women"	56983	57709	57196	56878	54822	52697	50729	51137	51432	50317	51504	51803	52278	51558	51632	51817	52327	54182	56522	61207	61403	61462	61227	58878	56689	58160	59745	59814	59054	59976	57699	55682	55169	54802	56400	57894	56583	56757	56743	58027	60238	62001	63501	66472	68247	71776	71138	70663	68795	66649	62619	59641	57635	57200	57237	57978	58186	60297	61672	62428	62850	64580	65102	65783	66828	68559	67026	67399	67270	67662	67118	68677	67112	67403	68310	69362	70229	70937	71405	71633	71712	71682	71588	71473	71141	70863	70697	70648	70724	70915	71202	71563	71976	72414	72858	73295	73774	74214	74614	74967	75291	75597	75893
"total"	"74 years"	"women"	55001	56087	56806	56312	56009	53992	51906	49976	50385	50684	49589	50765	51068	51544	50843	50923	51107	51623	53461	55783	60416	60623	60692	60468	58150	55992	57460	59035	59104	58362	59276	57032	55045	54538	54179	55768	57245	55955	56128	56119	57398	59596	61355	62849	65806	67578	71093	70470	70009	68165	66040	62044	59091	57103	56679	56720	57465	57678	59781	61154	61910	62336	64060	64585	65272	66316	68043	66525	66903	66782	67179	66646	68205	66655	66952	67861	68911	69780	70491	70962	71196	71279	71254	71164	71055	70731	70458	70298	70252	70335	70527	70817	71183	71597	72037	72483	72923	73403	73848	74250	74606	74934	75242
"total"	"75 years"	"women"	50822	54031	55111	55826	55349	55061	53086	51044	49155	49570	49870	48797	49966	50271	50749	50070	50155	50338	50862	52681	54980	59562	59775	59859	59646	57364	55239	56699	58270	58343	57616	58523	56314	54355	53860	53512	55088	56548	55282	55456	55451	56727	58908	60660	62151	65092	66861	70357	69753	69307	67486	65385	61425	58506	56539	56125	56173	56917	57137	59232	60603	61359	61789	63508	64037	64724	65771	67493	65993	66374	66262	66665	66145	67702	66168	66471	67380	68433	69302	70016	70489	70728	70817	70798	70716	70611	70294	70027	69872	69832	69919	70116	70411	70778	71195	71637	72087	72529	73013	73460	73864	74222	74552
"total"	"76 years"	"women"	45647	49812	52974	54045	54756	54297	54027	52101	50103	48262	48682	48984	47937	49095	49407	49885	49227	49321	49506	50035	51836	54110	58636	58859	58955	58754	56511	54426	55878	57441	57515	56812	57710	55540	53612	53127	52790	54354	55796	54557	54729	54732	56000	58168	59915	61401	64324	66087	69563	68976	68548	66755	64679	60763	57878	55936	55530	55586	56332	56559	58646	60012	60771	61204	62918	63450	64140	65187	66905	65422	65810	65707	66114	65608	67161	65649	65955	66866	67920	68790	69507	69984	70228	70321	70310	70235	70135	69824	69565	69418	69383	69475	69675	69974	70344	70764	71209	71663	72108	72595	73044	73453	73814
"total"	"77 years"	"women"	39762	44626	48715	51821	52881	53587	53151	52900	51026	49081	47289	47712	48020	47001	48149	48464	48946	48312	48415	48603	49140	50917	53166	57629	57862	57973	57786	55584	53543	54986	56540	56619	55936	56830	54700	52807	52336	52009	53561	54986	53777	53950	53958	55221	57371	59109	60591	63493	65252	68703	68138	67727	65961	63917	60052	57203	55288	54893	54955	55705	55939	58013	59376	60138	60575	62282	62820	63513	64561	66271	64809	65201	65109	65523	65029	66582	65088	65401	66314	67367	68239	68958	69439	69690	69788	69784	69716	69623	69320	69070	68927	68901	68997	69203	69505	69881	70305	70753	71209	71657	72145	72599	73010
"total"	"78 years"	"women"	37052	38750	43510	47512	50557	51608	52310	51897	51669	49852	47964	46228	46656	46970	45980	47115	47437	47921	47314	47426	47618	48159	49913	52135	56529	56773	56899	56729	54575	52581	54015	55558	55642	54984	55871	53786	51933	51475	51161	52701	54108	52929	53103	53118	54374	56507	58236	59712	62593	64346	67770	67225	66831	65101	63091	59281	56473	54587	54206	54274	55026	55269	57330	58689	59453	59894	61595	62137	62832	63881	65585	64146	64543	64463	64884	64403	65953	64482	64800	65714	66768	67641	68363	68851	69104	69212	69215	69153	69070	68775	68532	68399	68378	68481	68693	68999	69377	69805	70256	70716	71169	71661	72117
"total"	"79 years"	"women"	36358	35980	37643	42285	46192	49171	50210	50906	50521	50317	48565	46736	45061	45494	45815	44857	45984	46310	46797	46220	46342	46538	47087	48817	51003	55325	55579	55722	55572	53469	51528	52953	54481	54575	53943	54821	52789	50976	50536	50236	51761	53150	52003	52181	52204	53454	55569	57285	58752	61610	63353	66747	66223	65852	64159	62188	58438	55676	53823	53454	53532	54283	54537	56583	57938	58704	59150	60845	61391	62089	63136	64835	63420	63822	63753	64183	63716	65265	63815	64141	65057	66111	66988	67710	68203	68464	68579	68589	68538	68461	68178	67945	67820	67806	67914	68132	68444	68827	69260	69715	70181	70636	71129
"total"	"80 years"	"women"	34220	35170	34820	36446	40961	44766	47672	48699	49394	49038	48858	47173	45413	43802	44239	44567	43648	44758	45091	45580	45034	45168	45370	45923	47624	49780	54017	54286	54447	54315	52272	50387	51800	53318	53417	52815	53687	51707	49942	49520	49238	50747	52116	51003	51183	51217	52460	54553	56258	57718	60544	62277	65638	65142	64794	63142	61214	57527	54817	52998	52645	52731	53485	53747	55780	57130	57896	58347	60033	60584	61287	62334	64024	62637	63046	62989	63425	62977	64521	63099	63431	64348	65401	66281	67009	67506	67774	67897	67917	67875	67809	67535	67313	67197	67193	67308	67530	67849	68238	68674	69132	69602	70063
"total"	"81 years"	"women"	31257	32938	33871	33551	35134	39510	43200	46028	47042	47732	47408	47256	45645	43961	42419	42859	43195	42317	43411	43750	44242	43730	43875	44083	44644	46314	48432	52579	52861	53040	52932	50953	49131	50528	52031	52141	51569	52435	50516	48802	48402	48138	49629	50974	49901	50088	50135	51367	53433	55127	56574	59368	61090	64411	63943	63618	62013	60130	56518	53863	52084	51748	51845	52602	52872	54887	56228	56997	57457	59132	59688	60395	61440	63123	61765	62181	62139	62583	62153	63692	62298	62639	63556	64610	65491	66223	66724	67002	67134	67164	67132	67077	66817	66606	66499	66505	66628	66859	67181	67577	68019	68483	68955
"total"	"82 years"	"women"	29395	29918	31547	32461	32172	33709	37928	41494	44233	45233	45918	45628	45504	43976	42370	40905	41351	41692	40860	41937	42284	42777	42302	42461	42674	43241	44878	46952	50999	51296	51494	51408	49504	47751	49131	50616	50737	50200	51056	49204	47548	47170	46925	48396	49721	48690	48884	48941	50164	52202	53876	55315	58070	59777	63054	62617	62318	60761	58931	55399	52809	51072	50755	50864	51621	51900	53898	55233	56004	56468	58131	58694	59401	60448	62120	60795	61218	61192	61644	61234	62769	61405	61755	62673	63728	64611	65346	65853	66140	66283	66323	66302	66260	66013	65816	65722	65736	65869	66107	66436	66838	67284	67754
"total"	"83 years"	"women"	26531	27952	28468	30038	30927	30670	32156	36207	39633	42276	43258	43937	43684	43590	42148	40631	39248	39697	40045	39262	40319	40671	41170	40733	40907	41127	41698	43298	45326	49260	49571	49789	49732	47905	46229	47589	49053	49185	48687	49534	47754	46164	45812	45586	47035	48337	47352	47555	47626	48835	50841	52497	53921	56634	58321	61547	61141	60873	59372	57599	54160	51635	49950	49653	49776	50534	50824	52798	54122	54894	55366	57017	57586	58297	59342	61001	59713	60142	60133	60594	60207	61735	60406	60767	61687	62739	63624	64362	64878	65173	65327	65379	65373	65343	65112	64928	64846	64874	65016	65263	65601	66008	66461
"total"	"84 years"	"women"	24783	25034	26395	26903	28405	29267	29043	30473	34337	37613	40147	41108	41779	41565	41501	40152	38728	37435	37886	38241	37511	38544	38903	39403	39007	39193	39423	39998	41555	43526	47338	47662	47901	47869	46132	44536	45871	47309	47456	46997	47835	46136	44614	44290	44091	45513	46787	45855	46066	46152	47345	49312	50944	52349	55010	56677	59840	59471	59235	57794	56084	52749	50304	48675	48401	48536	49295	49595	51543	52857	53628	54106	55739	56313	57028	58071	59713	58468	58906	58916	59386	59023	60540	59254	59622	60541	61593	62479	63219	63742	64048	64215	64282	64289	64275	64061	63892	63827	63865	64021	64276	64622	65036
"total"	"85 years"	"women"	22846	23178	23431	24724	25221	26650	27480	27291	28656	32317	35428	37846	38779	39437	39261	39230	37981	36656	35456	35907	36268	35596	36601	36966	37464	37113	37311	37551	38125	39633	41542	45209	45549	45807	45804	44160	42655	43961	45366	45528	45109	45937	44325	42882	42586	42413	43806	45051	44172	44392	44494	45666	47590	49190	50573	53175	54814	57905	57574	57371	55997	54361	51143	48788	47222	46973	47121	47878	48190	50104	51402	52175	52657	54269	54849	55566	56603	58225	57028	57475	57502	57982	57646	59150	57909	58289	59207	60256	61140	61884	62413	62731	62912	62993	63016	63019	62823	62673	62624	62678	62845	63111	63465
"total"	"86 years"	"women"	21858	21145	21472	21725	22946	23427	24775	25570	25413	26706	30148	33078	35363	36267	36910	36774	36772	35629	34411	33310	33759	34121	33510	34484	34850	35345	35037	35249	35495	36068	37520	39357	42863	43213	43491	43515	41975	40567	41838	43204	43382	43008	43818	42303	40947	40684	40539	41893	43101	42285	42512	42629	43777	45648	47212	48566	51094	52701	55706	55414	55247	53948	52393	49311	47057	45563	45341	45502	46256	46578	48452	49730	50499	50988	52574	53157	53874	54901	56501	55357	55813	55860	56348	56044	57528	56341	56729	57645	58687	59570	60314	60851	61182	61376	61473	61515	61534	61363	61234	61202	61272	61451	61729
"total"	"87 years"	"women"	20189	19988	19356	19674	19925	21064	21527	22786	23541	23419	24635	27836	30567	32711	33575	34200	34102	34129	33094	31988	30990	31433	31795	31248	32182	32551	33038	32777	33001	33251	33817	35204	36959	40285	40645	40935	40986	39561	38257	39484	40805	40994	40669	41458	40048	38785	38559	38442	39752	40919	40166	40402	40536	41653	43460	44981	46300	48741	50304	53209	52960	52830	51615	50152	47216	45077	43664	43472	43648	44393	44725	46551	47806	48567	49059	50610	51197	51911	52927	54495	53411	53874	53945	54439	54167	55629	54500	54902	55809	56840	57718	58464	59008	59348	59557	59675	59737	59775	59627	59521	59511	59598	59792
"total"	"88 years"	"women"	18563	18208	18046	17496	17801	18047	19098	19538	20702	21410	21322	22449	25394	27916	29902	30720	31321	31259	31315	30393	29401	28510	28943	29302	28819	29707	30073	30547	30333	30564	30821	31375	32688	34346	37471	37837	38139	38216	36910	35719	36896	38157	38358	38080	38846	37550	36386	36196	36110	37367	38486	37803	38045	38193	39273	41006	42470	43748	46090	47598	50383	50179	50087	48962	47599	44834	42823	41499	41338	41529	42264	42605	44371	45590	46342	46838	48347	48932	49641	50638	52166	51153	51622	51715	52214	51980	53410	52349	52756	53654	54670	55541	56283	56830	57182	57410	57545	57626	57687	57566	57484	57496	57603
"total"	"89 years"	"women"	15926	16484	16188	16063	15592	15881	16120	17079	17490	18551	19206	19147	20184	22858	25154	26972	27739	28309	28279	28356	27549	26675	25891	26311	26662	26245	27078	27437	27896	27726	27963	28218	28753	29983	31534	34436	34802	35110	35211	34034	32959	34072	35271	35480	35250	35985	34809	33755	33601	33542	34737	35798	35188	35438	35600	36635	38280	39676	40900	43124	44570	47213	47055	47001	45975	44721	42146	40276	39052	38923	39124	39843	40190	41883	43063	43801	44294	45749	46332	47028	48003	49481	48545	49016	49131	49634	49437	50827	49841	50256	51138	52132	52992	53726	54275	54638	54879	55033	55138	55219	55127	55076	55109
"total"	"90 years"	"women"	14314	13897	14403	14163	14068	13673	13943	14169	15028	15408	16363	16960	16927	17864	20257	22317	23957	24665	25197	25198	25293	24599	23840	23165	23565	23901	23548	24322	24668	25106	24977	25212	25465	25975	27111	28542	31200	31560	31871	31989	30942	29991	31032	32152	32369	32185	32881	31832	30889	30770	30741	31860	32857	32323	32574	32748	33727	35271	36591	37750	39835	41205	43686	43572	43554	42633	41496	39130	37416	36299	36204	36417	37111	37461	39067	40197	40911	41401	42791	43361	44043	44986	46400	45549	46018	46154	46655	46497	47836	46933	47353	48212	49182	50018	50740	51286	51657	51914	52085	52210	52315	52254	52230
"total"	"91 years"	"women"	12170	12249	11909	12357	12166	12101	11774	12023	12232	12990	13336	14178	14715	14704	15535	17638	19456	20907	21552	22041	22065	22173	21587	20943	20370	20744	21064	20772	21477	21806	22215	22124	22356	22598	23079	24111	25410	27803	28151	28458	28590	27678	26848	27808	28840	29057	28919	29568	28648	27822	27736	27732	28767	29691	29233	29482	29663	30576	32005	33231	34313	36243	37522	39818	39746	39762	38950	37939	35795	34252	33250	33185	33406	34070	34415	35921	36989	37675	38151	39461	40017	40675	41573	42913	42151	42614	42770	43264	43145	44420	43609	44026	44854	45784	46593	47295	47835	48209	48475	48666	48811	48935	48907
"total"	"92 years"	"women"	10161	10191	10268	9998	10385	10239	10197	9935	10158	10347	11003	11308	12040	12509	12515	13241	15053	16623	17887	18458	18900	18941	19056	18574	18038	17565	17906	18201	17968	18597	18902	19278	19220	19439	19670	20111	21031	22188	24305	24633	24928	25066	24289	23580	24447	25382	25596	25496	26093	25303	24593	24538	24555	25496	26335	25953	26195	26377	27214	28514	29634	30627	32380	33556	35642	35608	35653	34954	34071	32170	30803	29923	29887	30110	30735	31072	32457	33448	34098	34556	35772	36304	36927	37774	39021	38355	38805	38975	39455	39373	40567	39854	40262	41048	41932	42703	43376	43900	44272	44545	44750	44910	45056
"total"	"93 years"	"women"	8471	8312	8347	8421	8210	8539	8433	8408	8203	8396	8564	9117	9383	10004	10407	10424	11040	12569	13898	14971	15470	15856	15909	16024	15635	15200	14820	15124	15391	15208	15757	16033	16369	16338	16541	16753	17149	17951	18958	20793	21094	21370	21512	20861	20272	21039	21862	22068	22003	22538	21876	21281	21251	21285	22122	22870	22557	22787	22966	23719	24875	25877	26772	28332	29387	31247	31246	31313	30723	29974	28319	27137	26383	26370	26590	27165	27485	28739	29641	30240	30672	31781	32276	32860	33640	34780	34209	34637	34817	35273	35229	36326	35712	36106	36840	37660	38381	39016	39515	39878	40154	40365	40538
"total"	"94 years"	"women"	6727	6750	6632	6669	6738	6577	6848	6772	6761	6606	6770	6913	7369	7592	8106	8443	8465	8979	10235	11331	12222	12642	12974	13030	13139	12834	12491	12190	12455	12688	12550	13021	13262	13554	13540	13726	13914	14257	14940	15798	17343	17615	17861	17997	17469	16990	17652	18365	18552	18517	18984	18444	17956	17948	17991	18717	19366	19121	19332	19500	20158	21163	22038	22824	24176	25100	26717	26740	26823	26341	25720	24317	23321	22690	22699	22906	23422	23720	24825	25626	26168	26561	27547	28002	28530	29235	30250	29777	30174	30355	30780	30765	31750	31236	31607	32275	33019	33678	34260	34726	35071	35340	35554
"total"	"95 years"	"women"	5093	5214	5240	5153	5190	5249	5131	5350	5296	5294	5177	5311	5432	5798	5981	6391	6667	6692	7107	8110	8988	9707	10054	10327	10383	10482	10250	9986	9757	9978	10176	10073	10461	10667	10913	10914	11073	11235	11526	12090	12795	14062	14297	14514	14638	14218	13841	14395	14992	15158	15143	15538	15109	14722	14729	14777	15389	15936	15748	15935	16090	16648	17493	18236	18902	20043	20832	22196	22234	22325	21941	21440	20288	19471	18957	18982	19171	19621	19888	20833	21526	21999	22351	23199	23602	24069	24682	25563	25184	25540	25715	26094	26103	26964	26547	26884	27473	28130	28714	29234	29655	29972	30226
"total"	"96 years"	"women"	3713	3827	3925	3946	3886	3918	3969	3883	4053	4016	4021	3937	4044	4140	4423	4568	4887	5103	5129	5451	6228	6910	7470	7746	7963	8013	8100	7928	7730	7560	7739	7900	7829	8136	8305	8505	8514	8643	8779	9016	9465	10027	11031	11224	11405	11514	11194	10905	11352	11832	11974	11974	12296	11967	11669	11683	11731	12227	12673	12534	12694	12826	13284	13971	14579	15125	16054	16701	17812	17858	17944	17652	17263	16345	15696	15296	15327	15493	15870	16100	16881	17459	17857	18155	18860	19204	19601	20118	20853	20559	20867	21027	21354	21379	22101	21776	22070	22571	23130	23628	24075	24442	24721
"total"	"97 years"	"women"	2962	2704	2792	2863	2883	2842	2868	2908	2848	2976	2955	2959	2900	2983	3057	3268	3378	3617	3781	3804	4047	4629	5140	5564	5772	5941	5983	6051	5930	5786	5664	5802	5928	5877	6114	6245	6400	6413	6516	6623	6806	7151	7580	8349	8500	8646	8733	8496	8285	8630	9004	9116	9123	9377	9132	8911	8928	8971	9357	9706	9608	9735	9843	10203	10740	11216	11647	12373	12883	13751	13796	13875	13659	13365	12664	12170	11867	11899	12036	12339	12527	13146	13606	13927	14173	14734	15014	15333	15750	16338	16120	16371	16509	16780	16810	17392	17149	17392	17800	18254	18660	19027	19329
"total"	"98 years"	"women"	2139	2089	1908	1972	2025	2040	2013	2031	2063	2022	2114	2100	2107	2065	2125	2179	2334	2413	2586	2707	2725	2900	3321	3692	3998	4150	4273	4307	4358	4273	4172	4087	4189	4281	4249	4423	4519	4635	4646	4724	4805	4941	5194	5511	6072	6188	6297	6363	6194	6043	6299	6576	6662	6670	6859	6684	6524	6542	6577	6866	7122	7055	7153	7237	7506	7907	8262	8586	9128	9508	10157	10198	10260	10107	9896	9380	9018	8798	8827	8933	9165	9311	9776	10125	10370	10559	10986	11199	11445	11764	12212	12054	12251	12360	12570	12601	13044	12868	13059	13374	13724	14039	14321
"total"	"99 years"	"women"	1148	1459	1426	1302	1345	1384	1394	1378	1392	1415	1387	1450	1442	1447	1421	1464	1501	1609	1665	1784	1868	1883	2005	2298	2555	2769	2877	2963	2987	3025	2968	2898	2841	2913	2980	2957	3079	3149	3231	3240	3296	3352	3449	3631	3852	4248	4329	4408	4458	4341	4236	4418	4615	4678	4686	4821	4699	4590	4603	4629	4835	5020	4975	5046	5106	5300	5585	5841	6073	6458	6734	7197	7230	7278	7173	7027	6663	6408	6254	6277	6358	6523	6632	6968	7220	7398	7537	7845	8002	8183	8415	8739	8630	8776	8860	9015	9041	9364	9241	9384	9615	9872	10105
"total"	"100 years"	"women"	702	775	980	958	876	906	931	940	928	938	952	934	977	974	976	959	987	1013	1085	1123	1203	1259	1270	1351	1547	1721	1865	1937	1998	2014	2040	2002	1956	1918	1968	2013	2000	2082	2129	2186	2191	2231	2270	2337	2459	2609	2879	2936	2989	3024	2946	2877	3003	3136	3180	3188	3282	3198	3125	3135	3156	3298	3421	3394	3444	3486	3620	3816	3993	4154	4420	4609	4929	4954	4988	4917	4819	4573	4399	4296	4312	4370	4485	4563	4795	4971	5096	5194	5409	5520	5648	5810	6036	5964	6066	6127	6237	6257	6485	6403	6504	6669	6849
"total"	"101 years"	"women"	474	448	492	623	609	557	578	594	599	593	600	609	599	626	623	624	614	633	649	696	720	774	810	816	870	996	1108	1202	1249	1289	1302	1318	1293	1265	1241	1273	1304	1294	1349	1380	1416	1421	1448	1474	1520	1599	1699	1875	1912	1950	1971	1922	1877	1961	2048	2077	2084	2145	2093	2047	2052	2067	2161	2244	2227	2261	2289	2377	2509	2627	2732	2909	3036	3250	3268	3291	3247	3184	3022	2909	2840	2854	2891	2972	3023	3180	3298	3382	3448	3593	3670	3755	3866	4019	3973	4043	4085	4161	4179	4331	4279	4348	4459
"total"	"102 years"	"women"	274	294	275	305	388	377	347	359	370	372	370	372	380	373	390	389	390	384	395	406	435	451	485	507	511	547	625	696	756	785	811	819	829	816	797	783	803	823	818	852	872	897	901	917	934	962	1014	1077	1189	1215	1237	1254	1222	1195	1247	1306	1325	1329	1369	1335	1308	1312	1321	1382	1437	1426	1447	1466	1524	1608	1687	1756	1870	1953	2091	2105	2120	2094	2053	1949	1877	1834	1843	1868	1921	1955	2059	2135	2193	2235	2331	2382	2439	2514	2612	2583	2632	2661	2712	2724	2826	2793	2840
"total"	"103 years"	"women"	149	162	173	163	180	228	223	205	212	219	221	218	221	226	219	232	230	233	228	236	242	260	270	289	303	306	326	373	416	451	472	485	491	498	489	479	472	483	495	492	513	526	542	544	554	565	583	613	651	721	735	752	762	744	725	758	795	804	809	834	816	797	799	806	844	877	871	885	898	933	986	1034	1077	1149	1199	1286	1294	1305	1290	1265	1203	1158	1131	1138	1154	1187	1211	1273	1323	1359	1385	1448	1480	1515	1563	1626	1608	1638	1658	1691	1700	1765	1744
"total"	"104 years"	"women"	77	85	94	100	95	104	133	129	119	124	128	128	127	129	130	128	134	134	135	133	137	142	151	157	169	176	180	191	220	245	265	278	285	289	294	289	282	276	286	293	291	304	310	321	322	328	334	345	365	387	428	437	448	454	443	432	453	476	482	485	498	487	477	480	483	506	528	523	532	539	561	594	623	648	693	725	776	781	789	780	766	729	701	685	692	701	721	735	775	806	828	845	881	903	925	955	992	985	1003	1015	1036	1043	1082
"total"	"105+ years"	"women"	86	90	97	106	113	113	122	141	150	149	151	154	157	157	158	161	159	165	167	168	168	171	174	183	191	202	214	219	231	254	280	309	329	347	358	367	369	368	365	368	374	376	386	395	406	414	422	429	441	457	482	519	547	566	582	585	582	590	610	625	634	651	652	648	647	649	664	686	696	707	719	738	769	804	841	886	933	990	1027	1053	1064	1061	1038	1010	985	974	975	989	1005	1039	1077	1114	1144	1187	1223	1258	1298	1345	1367	1390	1416	1441	1462
