"age"	"sex"	"1860"	"1861"	"1862"	"1863"	"1864"	"1865"	"1866"	"1867"	"1868"	"1869"	"1870"	"1871"	"1872"	"1873"	"1874"	"1875"	"1876"	"1877"	"1878"	"1879"	"1880"	"1881"	"1882"	"1883"	"1884"	"1885"	"1886"	"1887"	"1888"	"1889"	"1890"	"1891"	"1892"	"1893"	"1894"	"1895"	"1896"	"1897"	"1898"	"1899"	"1900"	"1901"	"1902"	"1903"	"1904"	"1905"	"1906"	"1907"	"1908"	"1909"	"1910"	"1911"	"1912"	"1913"	"1914"	"1915"	"1916"	"1917"	"1918"	"1919"	"1920"	"1921"	"1922"	"1923"	"1924"	"1925"	"1926"	"1927"	"1928"	"1929"	"1930"	"1931"	"1932"	"1933"	"1934"	"1935"	"1936"	"1937"	"1938"	"1939"	"1940"	"1941"	"1942"	"1943"	"1944"	"1945"	"1946"	"1947"	"1948"	"1949"	"1950"	"1951"	"1952"	"1953"	"1954"	"1955"	"1956"	"1957"	"1958"	"1959"	"1960"	"1961"	"1962"	"1963"	"1964"	"1965"	"1966"	"1967"	"1968"	"1969"	"1970"	"1971"	"1972"	"1973"	"1974"	"1975"	"1976"	"1977"	"1978"	"1979"	"1980"	"1981"	"1982"	"1983"	"1984"	"1985"	"1986"	"1987"	"1988"	"1989"	"1990"	"1991"	"1992"	"1993"	"1994"	"1995"	"1996"	"1997"	"1998"	"1999"	"2000"	"2001"	"2002"	"2003"	"2004"	"2005"	"2006"	"2007"	"2008"	"2009"	"2010"	"2011"	"2012"	"2013"	"2014"	"2015"	"2016"	"2017"
"0 years"	"women"	58837	58136	60041	59384	60100	59622	60874	56586	49389	51571	52295	57235	56177	58422	58266	59489	59698	61639	59375	62588	59630	59325	59607	59386	62266	61604	63058	63400	62062	59709	59936	61030	58848	59686	60066	61631	61088	60678	62342	60917	62601	63337	63500	61677	61884	62657	62906	63236	63833	64645	61617	61728	61860	60414	60086	57198	56606	56481	54757	53694	63784	59769	54713	52952	51169	49696	47893	45929	45902	43535	43970	42810	42282	39952	39945	39969	42083	42539	44403	46162	45156	47346	54267	59825	63883	63216	63151	61456	60720	57780	54594	52530	52549	52487	50251	51423	51245	51627	50480	49962	49231	50072	51536	53931	59184	59006	59105	58232	54035	51311	52800	54424	54514	52850	53146	50254	47854	46591	45395	46777	47165	45921	45067	44414	45490	47638	49495	51111	54247	56317	60478	59884	59569	57394	54811	50052	46478	43860	43223	43058	43950	44439	46751	48092	49053	49420	51594	52330	53136	54400	56414	54755	55178	55359	56296	55884	58018	56715
"1 year"	"women"	54833	53762	52282	54500	55823	56641	56263	57539	52519	45394	48486	49718	54474	53053	54866	54662	56002	56323	58095	56340	58476	56326	55805	56562	56450	59209	58650	60156	60492	59315	56755	57075	58251	55971	56962	57439	58780	58296	58200	58927	57549	59573	60627	60575	59281	59348	60448	60681	60869	61776	62218	59612	59805	60085	58715	58167	55577	55202	54903	53188	52189	62284	58437	53440	51749	50170	48743	46877	44924	45042	42763	43486	42203	41685	39496	39354	39461	41557	42086	43998	45709	44723	46980	53982	59499	62826	63840	62963	61332	60451	57656	54750	52368	52352	52342	50213	51374	51236	51582	50363	49979	49303	50074	51563	54085	59493	59161	59076	58367	55295	52429	53452	55060	54243	53349	53820	50921	48469	46969	45802	47165	47633	46206	45323	44752	45859	48058	50033	51558	54752	56804	60819	60231	59770	57472	54988	50196	46664	44201	43599	43589	44441	45055	47392	48821	49715	50183	52289	53001	53714	55057	57043	55393	55884	56083	57292	57216	59444
"2 years"	"women"	52048	53007	50988	50221	52641	53920	54842	54684	55219	49860	43300	47306	48570	53058	51413	53222	52957	54121	54404	56420	54055	56423	54253	54057	55022	54771	57665	57021	58540	59139	57274	55172	55161	56828	54862	55929	56398	57711	57325	56823	57590	56426	58381	59357	59575	58351	58525	59626	59880	60178	60762	61411	58892	59174	59471	58098	57587	55002	54532	54286	52626	51789	61810	57992	53004	51388	49854	48404	46528	44668	44779	42685	43315	42037	41558	39263	39205	39283	41456	41989	43861	45581	44656	46880	53980	59306	63371	63051	63032	61288	60430	57721	54733	52221	52298	52330	50252	51497	51270	51531	50417	50055	49328	50139	51763	54370	59680	59212	59040	58949	55826	52520	53322	54993	54435	53617	54184	51269	48547	47075	45832	47171	47609	46255	45387	44887	46067	48286	50248	51905	55090	57016	60875	60443	60075	57484	54976	50204	46785	44356	43801	43868	44731	45352	47715	49157	50166	50657	52823	53495	54111	55477	57511	55839	56582	56834	58348	58123
"3 years"	"women"	46036	50924	51213	51487	48774	51135	52495	53710	53014	52978	47384	42383	46494	47612	51852	50221	51989	51510	52680	53092	54433	52456	54752	52781	52848	53753	53632	56411	55798	57474	57664	56055	54074	54087	55957	54184	55245	55735	57120	56473	55916	56887	55669	57650	58721	58964	57821	58067	59217	59446	59604	60244	60967	58432	58818	59058	57791	57237	54485	54142	53817	52390	51565	61498	57697	52769	51169	49668	48210	46395	44502	44740	42594	42907	41945	41441	39176	39126	39223	41411	41932	43802	45530	44605	46873	54006	59520	62852	63133	62970	61176	60489	57703	54627	52202	52339	52371	50384	51521	51200	51554	50455	50056	49385	50296	52051	54553	59631	59391	59557	59416	55838	52321	53244	55075	54658	53852	54405	51356	48622	47132	45859	47173	47602	46284	45493	45090	46306	48538	50667	52247	55338	57202	61157	61028	60080	57414	54994	50270	46880	44555	44027	44131	44934	45484	47890	49522	50530	51118	53263	53710	54473	55905	58024	56429	57297	57775	59233
"4 years"	"women"	43001	45278	49605	50208	50369	47665	50119	51684	52553	51242	51066	46644	41768	45836	46715	50957	49287	50887	50440	51689	51354	53149	51096	53536	51780	51888	52865	52650	55513	54962	55925	56634	55140	53156	53397	55310	53656	54757	55231	56550	55789	55325	56326	55083	57164	58213	58557	57469	57746	58879	58840	59227	59879	60629	58105	58481	58835	57533	56814	54164	53666	53581	52208	51337	61281	57448	52609	50992	49542	48143	46252	44496	44695	42414	42853	41831	41386	39099	39078	39176	41358	41897	43745	45495	44624	46911	54111	59530	62961	63089	62779	61339	60485	57658	54586	52265	52414	52465	50417	51476	51295	51588	50464	50086	49536	50541	52201	54600	59674	59805	59997	59362	55548	52202	53255	55223	54842	54057	54445	51413	48657	47082	45787	47156	47660	46395	45662	45315	46568	48978	51016	52550	55518	57562	61786	61035	60010	57410	55029	50383	47065	44757	44239	44321	45142	45623	48250	49905	50917	51524	53565	53996	54873	56419	58583	57127	58292	58684
"5 years"	"women"	42032	42498	44332	48747	49372	49487	46941	49557	50815	51200	50082	50436	46143	41285	45211	46050	50249	48419	50044	49659	50415	50334	52042	50147	52715	50993	51152	52076	51960	54862	54116	55101	55809	54302	52648	52921	54853	53247	54354	54708	55624	55304	54859	55831	54723	56726	57835	58229	57221	57477	58400	58511	58910	59577	60351	57823	58282	58600	57142	56503	53721	53477	53436	51980	51164	61058	57294	52441	50839	49452	48152	46234	44482	44608	42359	43110	41790	41328	39055	39056	39362	41331	41846	43731	45504	44840	47108	54290	59625	62963	63251	63024	61353	60414	57657	54629	52328	52542	52500	50404	51486	51379	51624	50509	50218	49772	50723	52205	54705	60116	60160	59967	59153	55384	52234	53400	55440	55013	54127	54506	51416	48620	47038	45780	47188	47732	46510	45878	45559	46977	49309	51246	52717	55855	58236	61829	61010	60033	57483	55150	50619	47291	44976	44446	44514	45300	45947	48602	50307	51321	51764	53828	54410	55491	57024	59253	58092	59279
"6 years"	"women"	44463	41635	41833	43709	48114	48688	48872	46509	48857	49741	50124	49525	49985	45723	40810	44705	45512	49561	47732	49395	48190	49584	49380	51246	49492	52056	50391	50490	51486	51436	53768	53477	54475	55096	53859	52268	52563	54496	52964	53959	54207	55216	54915	54446	55518	54360	56454	57559	58026	56994	57052	58108	58264	58642	59382	60155	57669	58102	58271	56925	56128	53539	53335	53247	51855	50995	60967	57154	52313	50737	49458	48034	46201	44365	44563	42408	43058	41739	41305	39046	39058	39339	41306	41827	43741	45647	44865	47316	54435	59638	63107	63141	63052	61299	60389	57707	54634	52437	52571	52464	50394	51522	51410	51645	50595	50410	49888	50748	52217	55080	60390	60161	59762	58961	55374	52307	53572	55565	55021	54096	54498	51371	48547	47004	45801	47263	47821	46692	46150	45974	47295	49552	51441	53053	56544	58325	61836	61029	60108	57586	55297	50810	47531	45187	44633	44601	45688	46305	48980	50719	51557	52021	54185	55037	56106	57748	60258	58916
"7 years"	"women"	40179	44135	41115	41366	43251	47601	48164	48486	45919	47977	48988	49660	49121	49596	45285	40405	44328	44978	48999	47187	47933	47458	48722	48673	50686	48977	51537	49819	49987	51009	50952	53219	52916	53851	54686	53485	51987	52267	54214	52620	53676	53894	54901	54539	54165	55244	54132	56217	57344	57824	56511	56782	57871	58034	58449	59197	60046	57519	57757	58068	56587	55971	53437	53161	53122	51735	50942	60841	57036	52236	50760	49334	48005	46119	44340	44622	42370	43025	41715	41287	39008	39033	39324	41295	41858	43833	45758	45237	47558	54402	59720	62980	63160	63021	61259	60458	57735	54719	52462	52553	52462	50444	51522	51403	51748	50735	50530	49915	50825	52502	55374	60350	59935	59575	58924	55457	52398	53688	55573	55023	54112	54407	51304	48473	47036	45811	47368	47942	46906	46531	46311	47561	49728	51779	53722	56620	58338	61900	61137	60189	57776	55534	51001	47750	45344	44781	44906	46055	46707	49372	50945	51811	52405	54800	55641	56851	58604	61077
"8 years"	"women"	37243	39935	43714	40758	41038	42867	47188	47848	47962	45182	47256	48593	49332	48774	49184	44934	40115	43949	44508	48529	46304	47315	46738	48139	48201	50271	48537	51042	49357	49586	50216	50495	52711	52390	53509	54357	53191	51769	52008	53869	52295	53380	53575	54559	54258	53856	55018	53931	56047	57164	57553	56280	56590	57648	57868	58290	59063	59865	57229	57603	57720	56402	55864	53305	53033	52979	51660	50838	60702	56931	52272	50623	49287	48029	46092	44290	44577	42308	43020	41709	41262	38996	39004	39311	41321	41903	43977	46136	45467	47589	54498	59674	63028	63111	63010	61292	60482	57815	54769	52451	52487	52518	50479	51561	51511	51887	50832	50545	49935	51136	52749	55311	60128	59816	59554	59011	55580	52535	53707	55602	55011	54123	54332	51291	48538	47099	45865	47520	48190	47284	46841	46523	47763	50075	52371	53829	56654	58422	62014	61253	60351	57963	55739	51206	47861	45507	45115	45254	46412	47097	49578	51183	52131	53099	55404	56272	57759	59410
"9 years"	"women"	38833	37052	39622	43424	40481	40737	42547	46938	47365	47314	44672	46922	48300	49019	48412	48866	44680	39804	43568	44108	47560	45758	46675	46249	47734	47819	49899	48080	50609	48987	48831	49786	50039	52273	52097	53257	54095	52915	51548	51751	53569	52008	53110	53310	54303	53985	53663	54787	53762	55875	56723	57305	56087	56394	57500	57697	58165	58899	59577	57071	57263	57567	56283	55702	53183	52901	52922	51540	50739	60618	56917	52138	50576	49331	47996	46122	44261	44529	42272	43009	41705	41250	38973	38988	39349	41448	42019	44275	46467	45483	47745	54377	59682	62988	63077	63064	61328	60559	57857	54752	52460	52550	52536	50497	51661	51631	52005	50858	50605	50200	51348	52712	55175	60045	59840	59675	59126	55676	52573	53753	55556	54998	54067	54278	51302	48599	47205	45991	47720	48513	47557	47092	46720	48090	50658	52462	53847	56757	58559	62139	61446	60525	58183	55952	51405	48037	45874	45491	45652	46851	47365	49846	51555	52791	53684	56038	57139	58612
"10 years"	"women"	39062	38644	36807	39369	43168	40218	40472	42315	46509	46775	47167	44374	46648	48030	48715	48121	48653	44404	39506	43252	44185	47040	45198	46249	45890	47409	47490	49474	47683	50245	48864	48436	49417	49665	52002	51854	52986	53863	52703	51298	52592	53278	51753	52834	53064	54019	53777	53475	54617	53574	56431	56498	57135	55923	56231	57358	57591	58017	58635	59428	57483	57118	57449	56133	55599	53049	52836	52843	51451	50646	61286	56824	52091	50624	49290	48017	46068	44212	44519	42264	42962	41697	41239	38971	39046	39455	41540	42286	44525	46492	45663	47652	54413	59661	62984	63131	63116	61402	60596	57852	54751	52516	52547	52574	50606	51808	51750	52039	50915	50858	50409	51350	52620	55087	60086	59953	59807	59181	55724	52582	53744	55520	54928	54061	54319	51389	48654	47330	46203	48015	48785	47740	47269	47047	48609	50745	52493	53935	56838	58685	62314	61652	60720	58413	56121	51557	48413	46243	45870	46035	47101	47615	50220	52180	53364	54402	56862	57936
"11 years"	"women"	40318	38891	38407	36609	39149	42935	39983	40261	41965	45992	46771	46893	44117	46431	47758	48446	47954	48413	44132	39232	43084	43712	46553	44805	45939	45616	47088	47116	49093	47324	50006	48476	48085	49034	49440	51774	51620	52755	53650	52472	51181	52360	53008	51483	52562	52803	53808	53571	53327	54447	53529	56244	56326	56981	55776	56089	57234	57470	57745	58473	59434	57320	57026	57317	56020	55456	52967	52767	52772	51379	50744	60464	56778	52159	50594	49274	47959	46017	44172	44521	42271	42952	41685	41249	38996	39189	39515	41831	42559	44566	46527	45509	47659	54373	59639	63013	63155	63177	61452	60570	57859	54799	52554	52563	52674	50711	51906	51808	52097	51135	51143	50440	51277	52563	55072	60217	60036	59879	59182	55723	52598	53714	55491	54926	54104	54381	51492	48766	47474	46481	48260	49010	47907	47564	47588	48701	50806	52570	54092	56948	58898	62561	61924	60898	58565	56266	51954	48787	46630	46236	46349	47407	48075	50890	52753	53989	55212	57688
"12 years"	"women"	37123	40172	38690	38234	36444	38946	42702	39800	39960	41507	45923	46526	46644	43894	46191	47519	48330	47734	48141	43860	39108	42660	43236	46174	44524	45663	45303	46752	46760	48753	47363	49648	48099	47758	48841	49203	51535	51415	52555	53401	52439	50905	52077	52717	51253	52349	52574	53618	53424	53179	54386	53339	56057	56146	56839	55612	56008	57076	57214	57576	58418	59266	57217	56892	57215	55882	55394	52897	52662	52685	51383	50524	60409	56791	52127	50612	49230	47906	45983	44160	44490	42262	42935	41677	41287	39103	39211	39752	42082	42577	44741	46488	45546	47646	54355	59647	63044	63211	63216	61428	60572	57900	54800	52571	52640	52767	50785	51930	51846	52323	51360	51175	50382	51245	52608	55191	60309	60140	59883	59191	55735	52581	53716	55470	54940	54135	54448	51604	48909	47721	46704	48460	49164	48174	48055	47675	48758	50878	52692	54201	57149	59100	62781	62145	61093	58713	56659	52318	49159	47085	46500	46598	47861	48649	51450	53410	54752	55943
"13 years"	"women"	35000	36993	39997	38522	38072	36275	38729	42523	39504	39554	41731	45683	46301	46402	43667	45972	47434	48128	47473	47882	43620	38724	42221	42908	45920	44238	45387	44967	46410	46479	48517	47017	49267	47761	47576	48614	49002	51319	51222	52299	53174	52170	50630	51814	52457	51000	52108	52383	53432	53247	53087	54170	53153	55841	55973	56660	55498	55875	56775	57061	57409	58250	59144	57099	56759	57064	55835	55286	52772	52572	52673	51238	50466	61102	56744	52125	50557	49171	47878	45964	44166	44469	42250	42932	41706	41320	39165	39466	39932	42100	42535	44550	46503	45514	47635	54378	59679	63100	63240	63203	61444	60603	57935	54819	52654	52768	52846	50828	51995	52064	52584	51402	51150	50344	51275	52701	55273	60403	60164	59907	59201	55716	52572	53735	55502	55005	54208	54573	51743	49111	47960	46907	48619	49480	48624	48131	47701	48858	51013	52820	54411	57415	59300	63004	62288	61254	59086	56951	52682	49578	47367	46818	46960	48492	49199	52088	54149	55436
"14 years"	"women"	34058	34889	36812	39837	38341	37896	36081	38553	42217	39104	39706	41492	45458	46038	46163	43435	45899	47233	47870	47234	47551	43253	38315	41917	42631	45618	43933	45038	44559	46096	46309	48128	46609	48864	47550	47296	48346	48751	51067	50922	52159	52887	51824	50258	51495	52144	50743	51865	52194	53217	53128	52864	53966	52969	55647	55761	56504	55308	55566	56598	56896	57215	58093	58987	56945	56602	56984	55727	55182	52671	52519	52518	51164	50555	61000	56755	52070	50496	49122	47881	45890	44147	44457	42257	42963	41769	41417	39339	39655	39952	42159	42591	44560	46488	45495	47678	54371	59733	63121	63248	63032	61471	60621	57951	54885	52735	52850	52873	50906	52191	52250	52639	51361	51116	50380	51335	52762	55384	60408	60188	59959	59181	55674	52558	53795	55530	55093	54353	54725	51972	49266	48090	47053	48875	49906	48718	48155	47789	48980	51148	52959	54639	57632	59498	63183	62454	61607	59441	57340	53114	49864	47621	47201	47590	49078	49783	52856	54893
"15 years"	"women"	36137	33937	34706	36649	39652	38146	37683	35899	38250	41788	39176	39478	41238	45185	45778	45890	43316	45696	46972	47597	46911	47107	42791	37981	41578	42292	45214	43463	44469	44065	45650	45690	47494	46042	48518	47107	46935	47962	48425	50614	50551	51650	52275	51255	49769	50943	51728	50286	51535	51849	52992	52811	52539	53675	52723	55424	55521	56275	54947	55366	56333	56672	57063	57888	58829	56751	56488	56849	55598	55085	52598	52423	52482	51158	50508	60935	56651	51998	50429	49112	47890	45876	44111	44460	42279	43000	41870	41461	39517	39697	40041	42183	42625	44574	46546	45557	47721	54453	59797	63126	63461	63146	61559	60717	58078	55069	52884	52966	53003	51228	52518	52388	52633	51357	51158	50459	51427	52828	55396	60427	60200	59960	59196	55691	52611	53820	55583	55203	54502	54947	52132	49452	48227	47296	49293	50001	48782	48262	47946	49082	51326	53160	54877	57835	59673	63365	62779	61920	59830	57765	53413	50230	47980	47892	48184	49781	50526	53557
"16 years"	"women"	37414	35990	33761	34544	36470	39439	37915	37463	35551	37786	41380	38915	39195	40971	44887	45463	45711	43103	45404	46630	46932	46337	46491	42329	37566	41159	41778	44521	42704	43749	43513	44830	44848	46654	45587	47865	46534	46386	47458	47861	50003	49881	50678	51425	50551	49045	50232	51055	49823	50996	51342	52470	52291	52087	53289	52396	55134	55243	55792	54662	55035	56044	56431	56761	57648	58557	56576	56302	56642	55434	54864	52395	52355	52425	51093	50407	60805	56569	51934	50406	49085	47858	45837	44111	44484	42374	43157	41916	41623	39585	39871	40117	42253	42674	44676	46690	45659	47909	54557	59861	63299	63612	63315	61704	60947	58379	55329	53074	53182	53504	51769	52725	52451	52684	51497	51314	50633	51619	52931	55481	60538	60252	60004	59200	55719	52650	53918	55702	55344	54730	55127	52292	49577	48505	47684	49386	50076	48885	48405	48083	49271	51573	53400	55095	58064	59862	63745	63142	62322	60344	58130	53825	50709	48753	48627	48995	50694	51353
"17 years"	"women"	34864	37259	35805	33597	34367	36262	39199	37654	37036	35016	37364	41049	38579	38906	40657	44530	45235	45464	42772	45008	45945	46195	45526	45864	41805	37050	40522	40857	43463	41831	42841	42498	43716	43780	46096	44852	47096	45887	45862	46772	47041	49136	48795	49652	50591	49619	48233	49404	50489	49174	50332	50699	51863	51596	51588	52895	51970	54814	54673	55437	54217	54704	55730	56016	56497	57288	58275	56309	56010	56381	55200	54719	52278	52192	52334	50983	50296	60730	56482	51895	50355	49061	47798	45846	44154	44513	42497	43212	42140	41830	40005	40138	40272	42365	42905	44970	46970	45946	48106	54707	60187	63515	63803	63557	62052	61461	58774	55671	53472	53967	54261	52053	52896	52549	52883	51724	51564	50911	51832	53128	55648	60614	60314	60080	59275	55802	52758	54034	55855	55616	54908	55324	52491	49841	48906	47832	49459	50188	49020	48576	48259	49493	51824	53622	55310	58263	60236	64114	63608	62833	60745	58532	54332	51433	49442	49443	49977	51508
"18 years"	"women"	35570	34710	37069	35623	33407	34165	36006	38902	37152	36384	34657	36992	40643	38219	38565	40269	44287	44936	45094	42327	43902	45066	45235	44767	45200	41186	36309	39451	39597	42442	40555	41608	41346	42597	43227	45245	44072	46403	45272	45142	45788	46097	47908	47665	48712	49551	48703	47391	48804	49716	48424	49627	49982	51136	51070	51261	52411	51568	54171	54313	54843	53837	54347	55217	55737	56095	56942	57919	55892	55705	55951	54979	54587	52190	52097	52181	50850	50245	60637	56437	51802	50305	49004	47811	45862	44232	44718	42724	43552	42445	42413	40345	40438	40607	42699	43390	45367	47390	46220	48343	55062	60461	63756	64100	64036	62725	62151	59232	56207	54532	55058	54541	52264	53037	52831	53164	52044	51922	51204	52196	53485	55804	60777	60396	60193	59421	55999	52985	54316	56286	55955	55143	55567	52837	50353	49101	47981	49666	50491	49267	48865	48549	49804	52170	53928	55558	58707	60769	64637	64254	63385	61214	59099	55043	52155	50346	50542	51083
"19 years"	"women"	33424	35401	34527	36874	35394	33180	33890	35695	38331	36422	35898	34271	36567	40204	37842	38159	40027	43969	44519	44608	41152	42933	43987	44401	44030	44406	40351	35152	38187	38607	40892	39327	40348	40173	42039	42403	44339	43372	45760	44516	44132	44874	44916	46722	46787	47747	48603	47814	46783	48066	48922	47672	48958	49225	50602	50661	50812	52028	50934	53767	53754	54417	53457	53851	54956	55298	55692	56614	57493	55552	55288	55844	54849	54358	52070	52013	52037	50763	50161	60610	56351	51781	50264	48991	47850	45948	44511	45071	43141	43993	43029	42954	40729	40850	41101	43302	43889	45815	47762	46460	48836	55378	60723	64066	64601	64813	63510	62696	59951	57507	55822	55410	54667	52446	53390	53309	53689	52570	52421	51745	52794	53836	56022	60939	60626	60455	59770	56386	53393	55004	56824	56357	55484	56033	53503	50709	49326	48138	49770	50587	49423	49133	48835	50161	52517	54249	56078	59335	61280	65326	64758	63807	61717	59713	55773	52885	51298	51275
"20 years"	"women"	34301	33242	35203	34341	36612	35130	32900	33554	35086	37515	35809	35479	33856	36103	39793	37405	37897	39707	43521	43996	43130	40154	41818	43147	43646	43164	43486	39069	33997	37222	37333	39615	38066	39155	39671	41227	41600	43627	42789	44998	43490	43267	43781	43898	45958	45833	46912	47742	47246	46143	47390	48241	47028	48234	48712	50165	50244	50420	51383	50518	53231	53378	53973	52892	53554	54478	54862	55331	56156	57153	55145	55150	55697	54660	54246	51939	51880	51935	50744	50110	60441	56327	51738	50280	49089	47860	46314	44915	45507	43521	44583	43673	43411	41046	41353	41677	43807	44396	46096	47836	46884	49232	55548	60996	64469	65245	65464	63999	63274	61389	58811	56130	55453	54811	52868	53854	53868	54283	53085	52943	52273	53055	54020	56184	61212	60883	60756	60123	56864	54131	55639	57122	56731	55948	56659	53778	50962	49475	48387	50113	51050	49862	49553	49426	50575	52925	54885	56716	59884	61986	65878	65190	64395	62395	60532	56630	54032	52151
"21 years"	"women"	31501	34142	33028	35018	34096	36340	34843	32551	32935	34238	36471	35352	35014	33381	35698	39334	37121	37597	39299	42974	42567	42065	39047	40982	42399	42861	42217	42114	37705	33088	35763	36264	38423	37014	38652	38972	40506	40949	43072	42095	44081	42687	42136	42733	43183	45148	45083	46138	47261	46602	45660	46744	47641	46396	47775	48309	49723	49847	49790	51030	50152	52860	52995	53427	52597	53053	54074	54480	54925	55771	56735	54986	55034	55372	54561	54166	51830	51775	51885	50739	50137	60405	56272	51797	50368	49211	48417	46813	45372	45951	44062	45158	44162	43670	41298	41847	42117	44165	44605	46199	48145	47136	49469	55677	61319	65018	65766	65804	64448	64565	62564	59072	56094	55529	55171	53232	54371	54572	54817	53595	53404	52550	53169	54148	56411	61495	61221	61102	60539	57567	54691	56008	57528	57249	56498	56905	53995	51173	49690	48684	50511	51471	50367	50022	49895	50992	53656	55506	57330	60734	62648	66300	65817	65043	63057	61405	57679	54920
"22 years"	"women"	30194	31344	33923	32814	34783	33849	36030	34513	31963	32146	33612	35991	34838	34541	32968	35270	39038	36841	37253	38762	41363	41450	40904	38226	40256	41673	41936	40866	40707	36790	32119	34767	35180	37267	36600	38008	38367	39949	40456	42424	41394	43295	41695	41252	42076	42460	44414	44404	45648	46627	46129	45103	46225	46989	45970	47448	47938	49427	49191	49437	50630	49792	52470	52480	53131	52107	52646	53678	54044	54577	55540	56607	54888	54758	55246	54486	54059	51752	51716	51854	50792	50088	60350	56291	51860	50552	49674	48767	47310	45697	46365	44653	45542	44286	43835	41662	42161	42398	44231	44593	46441	48389	47262	49625	55953	61800	65385	65974	66178	65574	65615	62736	58884	56084	55784	55550	53729	54934	55085	55333	53975	53523	52689	53261	54339	56667	61847	61531	61550	61228	58182	55119	56331	58077	57877	56813	57128	54130	51371	50036	49155	51017	51943	50800	50617	50449	51905	54471	56537	58389	61738	63330	67221	66677	65991	64097	62872	58872
"23 years"	"women"	30897	30025	31123	33689	32560	34534	33541	35676	33905	31154	31359	33123	35506	34375	34099	32581	34994	38776	36523	36769	37405	40276	40283	40083	37545	39581	40841	40676	39538	39766	35399	31323	33821	34276	36865	36062	37425	37891	39562	39914	41807	40763	42309	40873	40670	41367	41909	43788	43985	45160	46302	45587	44628	45694	46594	45609	47171	47649	48666	48865	48976	50321	49421	51883	52116	52636	51729	52268	53253	53706	54234	55328	56515	54663	54660	55217	54339	53941	51701	51634	51897	50753	50024	60347	56398	52011	50994	50114	49200	47565	46138	46954	44934	45635	44428	44124	41820	42506	42408	44142	44793	46639	48469	47357	49900	56295	62076	65461	66198	67110	66478	65649	62496	58755	56183	56057	56012	54292	55344	55448	55674	54162	53641	52790	53414	54602	57015	62206	62000	62247	61818	58645	55514	56880	58667	58129	56971	57252	54350	51740	50562	49743	51571	52537	51469	51267	51416	52961	55603	57893	59627	62588	64449	68255	67789	67142	65697	64263
"24 years"	"women"	32119	30728	29814	30910	33425	32297	34240	33190	35038	33058	30469	30913	32661	35054	33965	33727	32339	34736	38446	36080	35416	36393	39157	39463	39475	36956	38870	39690	39514	38664	38111	34551	30537	33005	33944	36344	35582	36960	37517	39101	39276	41281	40001	41468	40314	40075	40882	41401	43378	43520	44714	45805	45142	44178	45317	46271	45356	46845	46963	48316	48563	48675	49950	48924	51597	51616	52211	51421	51875	52926	53518	54162	55192	56275	54558	54695	55098	54189	53881	51656	51623	51841	50708	50013	60410	56493	52382	51477	50470	49440	47929	46505	47209	44998	45723	44648	44263	41985	42601	42280	44149	44906	46691	48522	47593	50279	56517	62028	65565	66841	67824	66467	65342	62355	58923	56490	56414	56503	54723	55727	55720	55822	54219	53678	52959	53647	54881	57367	62687	62764	62836	62249	59105	56025	57489	58918	58285	57163	57556	54672	52199	51164	50363	52138	53173	52147	52218	52501	54175	56946	59124	60565	63697	65582	69577	68976	68878	67178
"25 years"	"women"	33044	31940	30529	29619	30654	33152	32005	33924	32580	34216	32351	30030	30462	32225	34645	33560	33494	32062	34402	38006	34797	34530	35352	38388	38894	38924	36284	37798	38582	38733	37406	37250	33797	29868	32751	33525	35908	35243	36575	37055	38552	38738	40455	39291	40974	39734	39656	40443	41072	42977	43381	44273	45350	44615	43849	44945	46000	45128	46147	46707	48175	48246	48400	49475	48609	51118	51222	51830	51066	51595	52721	53304	54106	55061	56163	54556	54602	55011	54113	53833	51637	51524	51761	50706	50082	60543	56860	52877	51847	50659	49789	48239	46653	47209	45056	45902	44729	44322	42094	42494	42359	44248	44926	46743	48691	47887	50560	56503	61979	66010	67320	67777	66045	65104	62415	59106	56779	56841	56829	55007	55981	55794	55913	54211	53844	53114	53888	55263	57839	63388	63350	63262	62574	59593	56729	57701	59107	58473	57378	57858	55151	52691	51727	50989	52800	53839	53103	53236	53563	55401	58057	59907	61637	64809	66754	70649	70528	70320
"26 years"	"women"	33276	32850	31742	30331	29380	30403	32844	31702	33339	31838	33342	31851	29606	30038	31808	34244	33344	33219	31760	33991	36700	33962	33608	34688	37848	38357	38280	35317	36877	37847	37739	36571	36403	33136	29642	32425	33146	35511	34918	36182	36606	38082	38028	39785	38874	40463	39332	39211	40141	40702	42855	42872	43927	44884	44298	43567	44673	45754	44391	45844	46606	47899	47924	47940	49163	48201	50764	50906	51464	50776	51440	52568	53252	53865	54941	56124	54422	54458	54944	54070	53832	51548	51453	51752	50738	50137	60843	57160	53160	52047	50886	50129	48355	46617	47267	45229	46034	44823	44360	42018	42243	42439	44293	44948	46933	49008	48128	50525	56533	62375	66352	67196	67356	65866	65172	62514	59339	57147	57124	57023	55132	56100	55850	55898	54309	53977	53348	54154	55692	58419	63942	63724	63584	63051	60264	56947	57845	59259	58737	57724	58326	55676	53244	52191	51562	53395	54747	54025	54214	54699	56485	58875	60870	62631	65984	67776	72240	72030
"27 years"	"women"	32856	33062	32633	31532	30098	29146	30109	32546	31157	32645	31121	32853	31435	29213	29655	31458	34030	33085	32942	31405	33099	35890	33110	33036	34203	37362	37768	37426	34540	36216	36916	36985	35803	35742	32887	29337	32084	32894	35264	34597	35804	36205	37504	37457	39409	38478	40076	38963	38940	39775	40637	42465	42533	43515	44570	43970	43344	44400	45021	44133	45709	46359	47625	47511	47621	48731	47835	50426	50639	51171	50572	51239	52491	53142	53770	54857	55974	54303	54330	54902	54052	53746	51474	51440	51749	50791	50371	61258	57444	53304	52273	51203	50248	48346	46629	47369	45274	46109	44853	44283	41937	42311	42484	44287	45087	47201	49241	48122	50492	56899	62650	66245	66811	67043	65793	65263	62669	59684	57318	57279	57140	55231	56049	55866	55937	54429	54134	53668	54561	56287	58990	64288	64032	64010	63625	60474	57065	57966	59423	58974	58124	58771	56138	53720	52671	52071	54002	55542	54854	55273	55645	57169	59677	61849	63617	66894	69341	73732
"28 years"	"women"	29472	32638	32824	32421	31299	29864	28889	29831	32029	30465	31983	30684	32426	31049	28865	29341	31230	33763	32815	32581	30609	32352	35084	32575	32612	33782	36811	36987	36613	33947	35570	36247	36328	35202	35484	32594	29101	31818	32643	34964	34392	35473	35709	36988	37100	38983	38149	39705	38736	38602	39659	40263	42157	42177	43181	44202	43769	43107	43721	44742	44279	45464	46089	47183	47240	47220	48375	47543	50139	50349	51027	50413	51190	52373	53017	53746	54690	55832	54231	54287	54869	53959	53639	51449	51466	51757	51074	50619	61517	57507	53453	52516	51370	50190	48301	46759	47419	45336	46111	44762	44281	41988	42285	42509	44417	45325	47384	49254	48068	50861	57110	62551	65918	66534	66951	65854	65341	62981	59852	57440	57371	57169	55196	55994	55944	56045	54620	54380	54037	55073	56825	59382	64512	64451	64609	63727	60511	57194	58131	59665	59374	58545	59225	56530	54121	53161	52755	54729	56477	55608	56155	56368	57906	60426	62807	64532	68358	70759
"29 years"	"women"	27379	29268	32408	32617	32176	31060	29592	28628	29331	31377	30074	31582	30280	32048	30695	28571	29145	30974	33505	32450	31829	29934	31640	34563	32189	32258	33280	36086	36272	36045	33522	34963	35591	35797	34977	35195	32330	28900	31580	32431	34644	34102	34981	35298	36678	36707	38625	37806	39446	38430	38701	39367	40005	41793	41877	42916	43935	43551	42464	43432	44805	44004	45196	45754	46943	46875	46918	48058	47275	49885	50247	50803	50394	51103	52249	52921	53604	54558	55730	54128	54194	54773	53867	53611	51463	51471	51941	51268	50816	61596	57703	53649	52627	51343	50137	48440	46790	47499	45336	46060	44774	44327	41985	42316	42579	44640	45493	47379	49284	48342	51149	57043	62259	65610	66511	67045	65942	65604	63113	59931	57495	57313	57164	55131	56005	56043	56143	54901	54704	54600	55514	57177	59686	64888	65036	64716	63749	60608	57421	58313	59933	59723	58924	59560	56892	54553	53818	53376	55459	57498	56357	56895	57116	58779	61355	63579	66003	69794
"30 years"	"women"	29585	27185	29058	32192	32355	31909	30760	29315	28168	28739	30869	29715	31215	29928	31672	30403	28404	28942	30730	33169	32014	31206	29325	31171	34174	31837	31808	32632	35435	35769	35554	33030	34406	35087	35541	34654	34934	32062	28694	31300	32252	34347	33677	34569	34992	36324	36398	38288	37601	39117	38493	38397	39048	39698	41499	41602	42676	43689	42907	42194	43501	44556	43777	44826	45496	46583	46591	46631	47785	47075	49695	49974	50756	50311	51054	52302	52761	53514	54472	55686	54088	54099	54645	53812	53614	51563	51623	52063	51366	50841	61750	57736	53693	52533	51307	50206	48469	46891	47511	45311	46128	44811	44328	41987	42428	42743	44796	45499	47388	49518	48515	51051	56744	61984	65559	66516	67115	66166	65689	63116	59904	57433	57281	57140	55142	56061	56191	56356	55208	55227	55045	55831	57371	60099	65547	65064	64661	63793	60791	57586	58655	60326	60130	59356	59908	57300	55110	54435	54151	56329	58206	56991	57677	57818	59655	62224	64938	67193
"31 years"	"women"	30788	29386	26971	28856	31934	32073	31603	30474	28881	27629	28548	30512	29376	30863	29582	31379	30239	28206	28686	30403	32745	31411	30625	28926	30820	33795	31410	31257	32120	34972	35598	35044	32519	33924	34819	35253	34376	34670	31862	28457	31345	32005	33950	33327	34293	34679	36004	36084	38009	37304	39207	38153	38151	38731	39400	41200	41385	42413	43083	42674	42193	43258	44290	43449	44624	45129	46303	46346	46399	47543	46990	49551	49933	50695	50230	50936	52167	52668	53433	54428	55596	53998	53951	54601	53831	53701	51722	51739	52199	51395	50876	61786	57790	53592	52504	51346	50252	48509	46879	47448	45237	46117	44804	44349	42060	42605	42886	44814	45469	47574	49708	48396	50776	56537	61961	65595	66584	67239	66185	65691	63109	59826	57361	57248	57153	55200	56160	56381	56671	55634	55558	55361	56040	57747	60629	65587	65094	64736	63912	60945	57891	59057	60695	60492	59666	60162	57826	55751	55219	54956	56937	58784	57596	58314	58615	60279	63471	66138
"32 years"	"women"	29277	30570	29167	26775	28620	31673	31775	31315	30055	28355	27317	28203	30184	29034	30532	29288	31209	30026	27968	28388	30126	32183	30857	30233	28630	30484	33382	30923	30797	31692	34958	35124	34539	32051	33685	34498	34999	34135	34464	31594	28504	31066	31674	33570	33053	34019	34436	35718	35920	37757	37268	38904	37930	37842	38451	39171	41010	41165	41814	42839	42741	41955	43023	43972	43227	44269	44865	46066	46100	46213	47364	46754	49482	49926	50633	50182	50793	52054	52564	53363	54371	55495	53877	53873	54588	53817	53856	51912	51847	52227	51419	50968	61795	57700	53581	52528	51365	50313	48560	46806	47338	45258	46117	44771	44424	42194	42735	42882	44777	45668	47810	49661	48180	50620	56510	61964	65645	66717	67296	66209	65618	63033	59783	57338	57217	57167	55254	56359	56630	57054	55930	55820	55601	56414	58324	60670	65561	65103	64855	64070	61150	58186	59354	61035	60789	59903	60629	58372	56382	55964	55490	57484	59375	58205	59039	59298	61455	64686
"33 years"	"women"	26793	29072	30344	28963	26544	28354	31393	31499	30893	29523	28007	27012	27879	29848	28708	30237	29122	30989	29805	27704	28362	29614	31647	30479	29936	28334	30118	32935	30483	30406	31814	34468	34654	34117	31853	33449	34235	34763	33941	34216	31427	28248	30759	31374	33325	32782	33757	34219	35493	35653	37530	37000	38690	37643	37594	38173	38997	40798	40588	41556	42919	42541	41730	42735	43721	42854	44001	44620	45868	45888	46148	47143	46685	49372	49806	50540	50047	50676	51968	52487	53217	54284	55386	53819	53851	54695	54013	54036	52022	51845	52345	51424	50933	61662	57626	53678	52529	51411	50300	48507	46778	47340	45259	46133	44831	44515	42298	42740	42858	44967	45817	47738	49467	48007	50553	56514	61983	65710	66712	67305	66153	65516	62966	59663	57269	57207	57210	55396	56582	56958	57354	56128	55974	55944	56910	58359	60708	65620	65160	64973	64352	61440	58506	59655	61201	61118	60402	61178	59025	57034	56357	55943	58088	60080	58930	59740	60386	62531
"34 years"	"women"	29901	26597	28849	30124	28718	26291	28076	31127	31051	30361	29138	27684	26712	27552	29522	28430	30061	28913	30741	29532	27521	27908	29114	31290	30180	29638	28012	29711	32474	30109	30330	31412	33983	34243	33910	31599	33225	34020	34536	33711	34064	31180	27972	30460	31140	33055	32519	33502	34029	35214	35681	37254	36764	38388	37405	37359	38008	38803	40320	40336	41533	42686	42274	41474	42525	43425	42607	43756	44417	45657	45778	45849	47035	46628	49279	49752	50382	49900	50583	51889	52429	53110	54154	55356	53789	53837	54851	54104	54177	52000	51839	52282	51387	50846	61599	57662	53647	52596	51434	50268	48385	46762	47349	45243	46178	44929	44605	42318	42730	43031	45177	45780	47549	49254	47958	50568	56526	62069	65690	66669	67208	66061	65446	62883	59629	57246	57267	57313	55624	56891	57230	57551	56304	56283	56458	56919	58347	60673	65747	65235	65177	64542	61703	58844	59825	61473	61559	60879	61836	59643	57487	56869	56514	58617	60779	59524	60605	61410
"35 years"	"women"	30734	29682	26371	28621	29862	28444	25997	27812	30703	30536	29986	28795	27379	26428	27236	29250	28260	29849	28664	30449	29060	27106	27472	28763	30987	29870	29327	27636	29290	32138	29917	29986	31001	33559	34020	33638	31374	32997	33797	34221	33646	33826	30907	27743	30228	30858	32830	32253	33304	33775	35089	35398	37025	36499	38125	37176	37183	37828	38311	40056	40318	41337	42432	42042	41271	42206	43192	42365	43577	44202	45448	45513	45761	46972	46521	49183	49603	50263	49808	50504	51677	52362	52997	54090	55338	53778	53995	54964	54206	54161	51998	51867	52241	51279	50829	61627	57677	53694	52613	51386	50150	48385	46728	47343	45270	46280	44989	44586	42255	42881	43202	45105	45643	47449	49223	47964	50591	56587	62065	65694	66550	67103	66037	65388	62845	59581	57271	57374	57438	55908	57129	57403	57684	56593	56796	56462	56880	58413	60738	65838	65452	65416	64770	61951	59028	60077	61856	62024	61407	62425	60080	57914	57317	57076	59182	61427	60418	61495
"36 years"	"women"	28980	30498	29447	26167	28362	29585	28143	25724	27443	30208	30185	29653	28499	27095	26136	26950	29100	28018	29606	28383	30191	28641	26660	27145	28467	30685	29551	28969	27244	28962	31863	29575	29593	30644	33297	33729	33392	31135	32818	33516	34106	33386	33490	30644	27552	29975	30652	32594	32008	33049	33677	34838	35157	36752	36288	37867	36988	36956	37371	38077	39964	40070	41094	42189	41838	41016	42007	42995	42154	43416	43928	45291	45405	45734	46875	46375	49056	49460	50146	49733	50412	51584	52230	52940	54053	55393	53972	54028	55041	54154	54149	52024	51835	52160	51217	50840	61579	57738	53722	52537	51291	50177	48388	46673	47379	45382	46344	44958	44555	42375	43041	43184	44966	45505	47424	49226	47983	50643	56576	62026	65632	66486	67070	65981	65393	62797	59583	57320	57508	57679	56194	57322	57486	57936	56956	56807	56387	56951	58457	60845	65947	65684	65639	64999	62123	59219	60502	62285	62605	61895	62798	60492	58371	57808	57655	59759	62364	61178
"37 years"	"women"	29941	28737	30259	29214	25922	28099	29286	27861	25370	26983	29671	29853	29357	28179	26785	25861	26788	28866	27786	29340	28425	29773	28214	26352	26872	28194	30376	29197	28615	26941	28847	31524	29230	29291	30442	33027	33458	33176	30924	32537	33443	33881	33109	33178	30401	27323	29730	30431	32378	31775	32868	33444	34618	34893	36486	36045	37680	36765	36548	37137	37927	39735	39832	40828	41981	41547	40820	41810	42804	41983	43271	43814	45195	45337	45638	46790	46245	48893	49336	50052	49526	50344	51472	52143	52908	54074	55519	53976	54038	55025	54107	54215	51975	51728	52103	51196	50790	61597	57698	53653	52344	51289	50120	48349	46682	47445	45454	46309	44950	44676	42453	42985	43050	44843	45483	47446	49254	48031	50625	56571	61978	65554	66424	67013	65956	65362	62763	59672	57396	57703	57874	56278	57423	57757	58309	56937	56809	56354	56937	58559	61026	66170	65898	65818	65185	62280	59613	60876	62705	63045	62199	63203	60851	58812	58375	58154	60532	63145
"38 years"	"women"	28631	29703	28466	30011	28949	25659	27804	28994	27489	24935	26574	29343	29535	29041	27835	26487	25694	26566	28644	27540	28924	28032	29374	27901	26092	26595	27902	30032	28837	28305	27006	28535	31161	28891	29095	30193	32780	33210	32933	30675	32380	33181	33566	32835	32915	30155	27122	29520	30215	32146	31665	32589	33232	34384	34653	36229	35875	37447	36367	36333	37005	37731	39531	39596	40600	41700	41337	40574	41619	42615	41761	43073	43716	45033	45216	45489	46655	46100	48771	49280	49871	49398	50214	51395	52078	52930	54185	55566	54025	54016	54972	54165	54168	51908	51676	52073	51150	50782	61554	57600	53393	52317	51267	50110	48389	46763	47483	45452	46250	45080	44782	42455	42840	42939	44802	45468	47424	49316	48026	50612	56490	61916	65440	66369	67005	65912	65359	62795	59783	57586	57826	58010	56298	57670	58071	58324	56902	56779	56440	56961	58625	61182	66365	66076	65902	65296	62573	59944	61296	63138	63368	62579	63619	61303	59288	58845	58908	61249
"39 years"	"women"	27062	28388	29414	28222	29728	28669	25356	27523	28579	27045	24984	26256	29031	29222	28690	27518	26296	25470	26340	28386	27201	28527	27621	29059	27626	25813	26321	27565	29667	28535	28057	26694	28202	30830	28653	28854	29949	32539	32957	32638	30552	32149	32877	33281	32596	32663	29934	26935	29302	29994	32059	31418	32377	33033	34156	34421	36061	35659	37049	36131	36113	36784	37525	39311	39412	40327	41462	41094	40401	41436	42322	41591	42955	43471	44949	45073	45322	46496	45981	48647	49129	49772	49263	50131	51329	52069	52996	54228	55591	53936	53992	54973	54117	54040	51865	51641	52005	51128	50740	61444	57469	53372	52266	51219	50108	48422	46788	47466	45457	46358	45198	44745	42323	42731	42897	44822	45460	47437	49302	47991	50593	56435	61833	65372	66341	66938	65905	65377	62878	59930	57693	57861	58032	56464	57974	58077	58270	56864	56870	56472	57040	58771	61304	66476	66167	66053	65594	62856	60308	61754	63453	63647	62929	64028	61759	59722	59506	59582
"40 years"	"women"	24783	26803	28109	29153	27940	29426	28327	25090	27114	28106	26531	24677	25968	28714	28877	28386	27332	26081	25258	26077	27936	26795	28106	27325	28772	27351	25561	26004	27245	29366	28306	27746	26406	27915	30599	28409	28635	29709	32296	32684	32446	30283	31892	32572	32986	32314	32441	29732	26777	29072	29830	31830	31206	32161	32823	33906	34244	35858	35302	36829	35781	35911	36583	37300	39058	39147	40102	41234	40927	40217	41154	42233	41511	42829	43368	44804	44867	45170	46353	45873	48524	49028	49651	49147	50058	51329	52176	53010	54238	55516	53915	53928	54912	54002	53982	51840	51593	51995	51102	50675	61267	57444	53342	52219	51215	50141	48424	46742	47418	45540	46433	45172	44634	42227	42716	42879	44798	45459	47415	49265	47907	50545	56381	61750	65286	66298	66898	65900	65446	62969	60059	57730	57876	58152	56762	57937	58064	58244	56841	56883	56624	57195	58893	61437	66576	66300	66284	65822	63172	60716	62050	63717	63972	63266	64433	62161	60254	60163
"41 years"	"women"	23650	24533	26543	27842	28872	27642	29076	28040	24720	26668	27487	26229	24427	25675	28381	28567	28208	27135	25857	25014	25940	27564	26393	27805	27045	28493	27085	25261	25691	26961	29081	27967	27417	26125	27711	30323	28189	28424	29499	32020	32559	32205	30030	31634	32333	32732	32087	32190	29491	26628	28942	29586	31582	30972	31938	32574	33732	34031	35490	35059	36706	35562	35677	36374	37077	38795	38928	39889	41037	40750	40029	41014	42133	41345	42710	43269	44651	44718	45040	46252	45809	48421	48873	49559	49057	50077	51358	52135	53052	54176	55466	53833	53846	54796	53910	53958	51784	51563	51953	51002	50389	61253	57388	53299	52204	51207	50153	48389	46688	47510	45646	46379	45056	44556	42198	42691	42890	44796	45435	47364	49200	47860	50500	56325	61718	65246	66264	66901	65948	65532	63080	60077	57703	58025	58360	56763	57923	58005	58290	56851	56962	56758	57315	59050	61549	66635	66506	66509	66141	63555	60897	62323	64001	64348	63611	64873	62680	60791
"42 years"	"women"	23892	23417	24272	26280	27568	28579	27303	28768	27668	24321	26163	27164	25967	24154	25358	28069	28391	27983	26901	25614	24778	25600	27180	26084	27539	26791	28215	26785	24959	25420	26928	28751	27640	27126	25917	27493	30120	27977	28224	29250	31765	32288	31945	29762	31396	32027	32474	31843	31943	29270	26526	28706	29415	31336	30751	31684	32397	33503	33699	35232	34846	36466	35348	35435	36188	36787	38580	38710	39669	40844	40443	39802	40887	41885	41190	42522	43092	44465	44577	44906	46161	45678	48264	48726	49481	49044	50101	51284	52139	52966	54045	55406	53769	53723	54700	53877	53894	51770	51500	51846	50850	50345	61171	57355	53286	52196	51195	50088	48307	46748	47584	45609	46259	44917	44507	42168	42679	42867	44791	45396	47313	49106	47847	50452	56276	61695	65200	66237	66923	65986	65580	63051	60080	57770	58206	58310	56729	57863	57987	58282	56960	57062	56917	57389	59099	61586	66836	66737	66792	66507	63813	61184	62574	64301	64725	64000	65474	63208
"43 years"	"women"	22883	23657	23152	24037	26021	27287	28240	26977	28386	27240	24014	25838	26876	25690	23860	25080	27902	28147	27750	26655	25317	24462	25244	26874	25810	27307	26525	27915	26473	24713	25248	26645	28456	27362	26917	25715	27258	29888	27732	27981	29073	31503	31982	31686	29526	31122	31789	32209	31559	31686	29149	26327	28502	29195	31087	30491	31539	32185	33174	33501	35079	34631	36250	35102	35228	35941	36616	38385	38519	39468	40551	40327	39619	40620	41758	41017	42306	42901	44297	44435	44858	46047	45536	48174	48607	49499	49028	50046	51247	52051	52941	54025	55264	53635	53615	54663	53797	53838	51705	51378	51727	50799	50277	61114	57291	53265	52175	51139	50027	48339	46821	47516	45503	46169	44864	44456	42146	42668	42817	44753	45340	47243	49041	47786	50378	56237	61622	65175	66276	66970	66044	65516	62998	60139	57895	58201	58240	56689	57846	58004	58285	57053	57133	56979	57458	59193	61852	67013	66964	67075	66689	64029	61425	62909	64606	65084	64495	65995
"44 years"	"women"	23747	22658	23414	22935	23808	25772	26968	27934	26582	27928	26748	23722	25572	26586	25398	23597	24919	27680	27917	27501	26348	25008	24148	24967	26587	25566	27039	26228	27596	26199	24477	24975	26372	28167	27131	26700	25520	27022	29641	27493	27748	28832	31230	31706	31428	29268	30896	31531	31990	31293	31582	28901	26134	28316	28972	30852	30305	31312	31873	32969	33220	34867	34395	35997	34912	34988	35750	36387	38148	38327	39221	40382	40189	39453	40492	41550	40833	42126	42713	44134	44165	44723	45891	45397	48067	48618	49438	49013	50030	51146	51950	52816	53944	55147	53534	53543	54542	53758	53746	51577	51186	51650	50715	50183	61029	57233	53206	52105	51065	50019	48386	46744	47383	45385	46105	44782	44424	42150	42609	42760	44671	45289	47191	48971	47742	50289	56181	61575	65143	66313	66955	65993	65451	63035	60275	57860	58124	58188	56706	57811	58041	58341	57127	57197	57042	57496	59397	62016	67187	67277	67190	66867	64225	61686	63174	64958	65508	64867
"45 years"	"women"	22763	23508	22407	23208	22696	23561	25457	26674	27559	26132	27451	26452	23473	25297	26290	25131	23430	24715	27455	27663	27110	26004	24688	23889	24708	26339	25287	26759	25932	27314	26076	24186	24688	26102	27944	26901	26467	25319	26803	29359	27397	27516	28571	30958	31438	31153	29067	30646	31311	31761	31153	31309	28691	25920	28105	28776	30685	30034	31015	31657	32704	33001	34638	34168	35770	34674	34776	35494	36152	37946	38080	39003	40202	39882	39294	40273	41354	40674	41956	42551	43953	44007	44552	45752	45301	48033	48542	49418	48963	49899	51057	51839	52683	53780	55025	53447	53442	54460	53693	53631	51331	51116	51587	50615	50127	60997	57193	53135	51994	51051	50018	48263	46621	47276	45311	46080	44761	44400	42105	42558	42721	44615	45257	47114	48899	47699	50238	56109	61515	65147	66277	66899	65898	65421	63125	60232	57765	58067	58136	56659	57852	58052	58448	57181	57229	57107	57644	59570	62226	67405	67397	67383	67024	64499	61929	63449	65359	65858
"46 years"	"women"	20079	22532	23240	22210	22958	22460	23269	25159	26303	27132	25644	27151	26187	23210	25023	26022	24961	23224	24490	27190	27281	26755	25659	24406	23651	24454	26076	25008	26454	25648	27057	25799	23890	24432	25888	27704	26647	26291	25111	26576	29126	27182	27243	28325	30711	31151	30915	28820	30399	31063	31621	30925	31078	28476	25737	27877	28608	30469	29726	30767	31434	32476	32769	34404	33950	35500	34477	34553	35285	35930	37661	37842	38857	39938	39724	39061	40061	41145	40490	41787	42356	43792	43829	44396	45607	45191	47955	48462	49350	48812	49761	50959	51706	52542	53666	54904	53313	53355	54325	53565	53364	51235	51044	51478	50545	50044	60909	57128	53018	52006	51054	49939	48111	46510	47205	45256	46026	44717	44318	42049	42500	42624	44523	45171	47052	48855	47623	50204	56089	61507	65103	66204	66790	65894	65450	63048	60112	57667	58011	58100	56682	57908	58113	58471	57206	57221	57251	57789	59772	62377	67557	67526	67516	67194	64715	62199	63848	65698
"47 years"	"women"	17437	19883	22276	23023	21966	22728	22173	22999	24772	25888	26561	25334	26863	25911	22943	24743	25827	24751	22994	24253	26863	26935	26401	25345	24151	23405	24219	25794	24707	26189	25466	26769	25497	23650	24243	25689	27514	26436	26081	24878	26384	28869	26943	27001	28085	30436	30933	30628	28608	30174	30835	31371	30696	30842	28270	25503	27708	28384	30195	29495	30603	31224	32233	32538	34209	33693	35286	34219	34320	35059	35679	37458	37674	38649	39745	39504	38840	39856	40942	40316	41608	42187	43589	43662	44256	45427	45156	47879	48370	49209	48641	49633	50822	51534	52401	53566	54787	53215	53241	54178	53297	53217	51127	50941	51382	50450	49968	60744	56967	52975	51993	50935	49768	47968	46427	47120	45197	45952	44656	44224	41957	42412	42550	44417	45087	46982	48780	47587	50150	56070	61455	65016	66109	66764	65929	65379	62945	60010	57659	57949	58088	56703	57951	58112	58470	57238	57346	57356	57926	59926	62465	67616	67631	67673	67340	64912	62537	64129
"48 years"	"women"	20129	17232	19657	22056	22754	21718	22436	21914	22659	24356	25514	26223	25038	26578	25623	22650	24529	25605	24504	22768	24002	26531	26574	26065	25081	23906	23165	23956	25493	24454	25839	25180	26441	25241	23450	24035	25494	27257	26186	25829	24674	26159	28606	26720	26745	27852	30156	30647	30353	28371	29943	30589	31124	30438	30581	28042	25337	27528	28074	29996	29295	30375	30981	31997	32323	33951	33442	35036	34020	34094	34776	35432	37276	37423	38445	39497	39278	38620	39612	40767	40077	41421	41962	43430	43505	44022	45392	44975	47737	48205	49035	48522	49473	50660	51378	52260	53436	54646	53098	53091	53865	53177	53099	51008	50832	51301	50345	49835	60585	56910	52975	51830	50727	49618	47879	46313	47033	45125	45864	44571	44126	41877	42304	42469	44364	45003	46884	48684	47536	50145	55992	61364	64908	65998	66730	65833	65257	62835	59922	57606	57947	58054	56715	57928	58075	58463	57309	57450	57509	58047	60005	62534	67668	67767	67767	67560	65200	62766
"49 years"	"women"	20306	19897	17021	19442	21782	22494	21440	22163	21583	22247	23839	25193	25923	24744	26254	25302	22455	24303	25350	24247	22235	23701	26188	26243	25781	24812	23648	22920	23670	25227	24330	25570	24843	26172	25024	23227	23839	25236	27023	25921	25488	24433	25907	28341	26470	26486	27595	29843	30422	30104	28142	29676	30335	30864	30204	30313	27854	25152	27238	27856	29673	29075	30128	30716	31789	32044	33720	33208	34787	33775	33842	34532	35259	36982	37192	38192	39215	38999	38383	39390	40498	39871	41227	41791	43266	43409	44008	45198	44852	47556	48019	48878	48349	49288	50493	51216	52108	53278	54481	52931	52826	53727	53044	52975	50882	50713	51164	50195	49710	60515	56799	52833	51672	50601	49473	47752	46219	46965	45036	45772	44482	44013	41795	42228	42393	44306	44931	46832	48602	47524	50075	55914	61241	64820	65963	66654	65712	65129	62718	59862	57568	57901	58026	56706	57878	58047	58490	57389	57523	57615	58090	60118	62612	67787	67910	67902	67775	65367
"50 years"	"women"	18633	20046	19656	16787	19185	21512	22180	21158	21818	21186	21910	23543	24875	25618	24412	25921	25105	22224	24058	25070	23885	21936	23383	25862	25943	25487	24560	23384	22652	23400	24964	24049	25228	24548	25948	24789	22986	23594	25013	26734	25734	25244	24166	25653	28059	26242	26224	27351	29537	30156	29837	27896	29414	30038	30624	29939	30121	27633	24886	26998	27615	29424	28841	29846	30489	31494	31796	33416	33001	34555	33481	33557	34342	34982	36748	36934	37933	38907	38772	38168	39193	40287	39672	41042	41643	43111	43261	43762	45049	44670	47338	47875	48689	48163	49105	50282	51046	51958	53107	54265	52655	52652	53562	52868	52828	50757	50571	51068	50071	49625	60405	56633	52661	51473	50475	49363	47631	46101	46867	44964	45662	44350	43929	41671	42139	42284	44197	44861	46760	48550	47479	49991	55792	61133	64784	65837	66470	65576	65031	62580	59785	57499	57868	57981	56642	57814	58064	58480	57437	57615	57631	58097	60116	62710	67926	68054	68104	67947
"51 years"	"women"	14825	18371	19771	19403	16539	18938	21192	21882	20808	21422	20738	21617	23216	24550	25271	24071	25698	24849	21991	23784	24539	23567	21622	23069	25580	25643	25218	24273	23086	22387	23006	24661	23711	24931	24321	25667	24536	22779	23351	24713	26430	25488	24977	23908	25408	27786	26000	25968	27069	29256	29903	29558	27659	29122	29770	30322	29673	29890	27347	24639	26739	27414	29170	28592	29617	30213	31230	31519	33155	32686	34162	33233	33353	34066	34793	36398	36658	37629	38647	38545	38001	38963	40027	39480	40854	41414	42941	43077	43574	44826	44438	47161	47636	48431	47982	48923	50085	50871	51775	52901	53984	52459	52495	53396	52707	52669	50615	50401	50914	49930	49503	60216	56401	52466	51322	50295	49232	47511	45962	46719	44830	45525	44277	43793	41605	42046	42194	44108	44809	46713	48441	47401	49901	55701	61074	64639	65681	66305	65443	64909	62442	59696	57458	57791	57905	56558	57802	58108	58505	57494	57612	57662	58125	60144	62789	67992	68254	68266
"52 years"	"women"	15257	14592	18120	19522	19131	16318	18636	20873	21519	20403	21019	20430	21306	22895	24185	24922	23822	25424	24585	21738	23382	24191	23236	21325	22797	25285	25343	24940	23959	22824	22171	22728	24315	23398	24675	24056	25381	24291	22546	23094	24547	26147	25209	24697	23663	25127	27514	25724	25701	26800	28984	29613	29298	27380	28868	29504	30101	29433	29600	27073	24395	26512	27182	28951	28346	29340	29981	30927	31242	32844	32358	33953	33014	33105	33829	34516	36099	36394	37366	38350	38175	37770	38695	39807	39299	40657	41308	42706	42895	43324	44551	44269	46919	47387	48217	47786	48750	49910	50667	51540	52546	53775	52275	52323	53182	52528	52505	50471	50250	50802	49808	49338	59951	56190	52301	51150	50144	49111	47377	45812	46586	44725	45387	44136	43666	41470	41975	42111	44043	44776	46636	48352	47302	49821	55643	60947	64465	65471	66164	65287	64779	62335	59653	57368	57726	57788	56487	57795	58083	58528	57454	57601	57685	58159	60156	62839	68150	68353
"53 years"	"women"	16208	15031	14359	17889	19235	18885	16026	18343	20532	21096	19912	20693	20133	20996	22542	23820	24654	23525	25137	24284	21387	23052	23807	22932	21037	22506	24975	25042	24601	23649	22571	21884	22418	24009	23118	24424	23781	25087	24014	22239	22826	24279	25832	24909	24432	23398	24841	27244	25456	25467	26535	28657	29309	28981	27091	28572	29252	29849	29055	29315	26804	24171	26244	26942	28715	28063	29094	29694	30602	30971	32502	32061	33721	32707	32858	33508	34236	35802	36094	37102	38079	37912	37471	38466	39554	39049	40483	40987	42502	42639	43049	44346	44052	46645	47143	47968	47554	48540	49662	50430	51247	52333	53544	52030	52125	52966	52347	52369	50257	50082	50655	49592	49102	59696	55965	52083	50957	49972	48952	47212	45648	46459	44568	45240	43979	43527	41354	41862	42032	43953	44655	46564	48196	47246	49803	55518	60757	64263	65300	65978	65194	64630	62248	59556	57290	57628	57748	56437	57760	58044	58476	57444	57580	57698	58213	60211	62962	68215
"54 years"	"women"	15478	15964	14770	14154	17616	18954	18571	15740	18022	20125	20503	19574	20401	19810	20660	22180	23571	24347	23223	24793	23869	21054	22649	23464	22607	20739	22217	24632	24684	24278	23357	22282	21557	22119	23741	22852	24139	23510	24789	23702	21982	22555	23940	25522	24612	24138	23145	24563	26907	25158	25225	26246	28350	29012	28663	26834	28289	28958	29473	28748	28937	26502	23915	25991	26719	28399	27797	28781	29388	30314	30615	32213	31820	33330	32458	32629	33228	33922	35498	35811	36810	37767	37634	37206	38243	39340	38890	40264	40746	42238	42405	42852	44070	43814	46373	46916	47748	47333	48339	49429	50118	50981	52087	53306	51812	51926	52747	52121	52165	50074	49898	50420	49356	48879	59430	55770	51890	50788	49775	48748	47029	45503	46303	44383	45129	43855	43387	41239	41786	41964	43867	44539	46422	48088	47228	49682	55347	60575	64080	65160	65819	65053	64510	62118	59441	57131	57479	57687	56377	57709	57972	58402	57402	57520	57682	58199	60348	62984
"55 years"	"women"	15692	15225	15690	14551	13889	17324	18602	18227	15410	17652	19653	20161	19266	20074	19469	20329	21924	23258	24026	22896	24239	23494	20671	22301	23133	22293	20468	21883	24279	24304	23819	23047	21915	21254	21848	23458	22607	23857	23251	24448	23350	21689	22278	23646	25236	24273	23846	22865	24274	26607	24839	24913	25934	28036	28664	28358	26548	27982	28531	29133	28353	28624	26182	23668	25700	26432	28088	27486	28519	29097	30015	30289	31918	31481	33029	32153	32274	32929	33605	35180	35534	36515	37475	37367	36948	37994	39093	38565	39985	40492	41911	42196	42541	43764	43563	46098	46637	47495	47121	48090	49067	49867	50765	51829	53046	51586	51689	52588	51889	51935	49881	49675	50183	49133	48653	59164	55530	51691	50597	49548	48536	46848	45339	46112	44208	44947	43683	43243	41128	41693	41862	43752	44400	46342	48032	47169	49512	55138	60379	63885	64947	65661	64922	64354	61954	59272	57064	57426	57605	56310	57660	57909	58337	57362	57503	57680	58257	60368
"56 years"	"women"	15485	15435	14933	15430	14283	13627	16990	18207	17863	15050	17192	19303	19831	18930	19726	19133	20050	21616	22930	23698	22554	23846	23096	20321	21982	22797	21981	20137	21539	23888	23904	23477	22676	21604	20972	21558	23203	22313	23587	22920	24037	23055	21390	21969	23341	24872	23965	23559	22586	23984	26281	24549	24574	25627	27736	28322	28036	26260	27608	28173	28741	28010	28288	25912	23427	25364	26112	27765	27181	28220	28815	29623	30018	31550	31172	32730	31829	31951	32602	33298	34863	35228	36220	37174	37077	36606	37696	38847	38331	39691	40224	41642	41881	42204	43500	43302	45817	46344	47205	46818	47723	48828	49604	50471	51575	52754	51326	51408	52341	51670	51746	49655	49376	49911	48883	48406	58889	55280	51510	50378	49354	48324	46620	45166	45925	44044	44792	43531	43129	41038	41561	41706	43581	44281	46329	47910	47013	49333	54951	60158	63648	64760	65455	64772	64149	61763	59161	56949	57294	57520	56220	57518	57850	58251	57346	57448	57719	58228
"57 years"	"women"	14867	15204	15139	14649	15139	14031	13325	16628	17802	17481	14897	16854	18986	19475	18586	19360	18854	19756	21279	22569	23016	22147	23426	22709	19969	21631	22428	21645	19785	21206	23463	23544	23053	22322	21290	20674	21253	22872	22013	23254	22596	23705	22719	21090	21683	22995	24548	23630	23256	22290	23655	25933	24247	24282	25325	27378	28015	27707	25858	27279	27862	28376	27651	27969	25611	23136	25087	25802	27422	26895	27921	28463	29295	29662	31245	30795	32357	31433	31636	32302	32929	34514	34943	35922	36852	36897	36393	37417	38553	38003	39357	39874	41261	41552	41898	43197	43015	45495	46050	46885	46381	47441	48559	49303	50223	51276	52450	51096	51099	52091	51451	51468	49363	49124	49626	48626	48171	58612	55033	51266	50101	49135	48115	46418	44944	45734	43848	44661	43368	42995	40912	41427	41568	43503	44228	46210	47721	46852	49118	54718	59900	63440	64539	65228	64549	63898	61592	59062	56800	57182	57412	56121	57396	57754	58147	57264	57402	57689
"58 years"	"women"	15221	14560	14905	14825	14320	14840	13731	13012	16235	17367	16770	14577	16549	18634	19110	18196	19069	18533	19446	20915	22005	22607	21727	23036	22321	19604	21272	22072	21280	19439	20809	23084	23098	22682	21990	20965	20369	20937	22517	21644	22868	22252	23345	22370	20792	21365	22695	24198	23310	22926	21987	23333	25591	23936	23996	24970	27060	27659	27321	25513	26963	27505	27996	27340	27629	25271	22871	24752	25469	27089	26501	27529	28120	28973	29322	30856	30394	31942	31100	31301	31978	32581	34166	34617	35570	36440	36500	35982	37103	38199	37685	39014	39537	40912	41217	41569	42878	42690	45184	45727	46474	46072	47128	48267	48984	49887	50960	52122	50717	50849	51810	51142	51117	49056	48807	49344	48384	47938	58300	54719	50992	49847	48909	47907	46180	44716	45522	43660	44481	43187	42823	40719	41270	41437	43478	44107	46064	47499	46646	48912	54490	59668	63214	64296	64975	64277	63711	61418	58924	56643	56996	57257	56007	57287	57649	58030	57272	57304
"59 years"	"women"	13190	14910	14231	14586	14478	13993	14486	13398	12669	15799	16989	16406	14241	16206	18242	18696	17885	18713	18228	19109	20467	21583	22170	21314	22625	21914	19246	20905	21672	20906	19239	20460	22614	22689	22321	21635	20638	20030	20620	22161	21260	22508	21894	22951	21968	20451	21039	22356	23823	22964	22585	21641	22977	25225	23605	23640	24653	26657	27196	26936	25163	26605	27125	27637	26963	27254	24957	22558	24449	25111	26717	26146	27240	27717	28631	28911	30456	29970	31554	30717	30857	31584	32216	33804	34237	35262	36176	36238	35636	36713	37818	37316	38649	39175	40544	40867	41243	42543	42369	44819	45290	46127	45696	46752	47922	48665	49549	50658	51716	50447	50547	51466	50766	50796	48760	48501	49018	48097	47662	57942	54362	50669	49568	48654	47634	45898	44477	45326	43465	44313	42996	42614	40532	41109	41386	43341	43953	45846	47274	46454	48719	54254	59409	62962	64028	64734	64040	63483	61228	58703	56454	56852	57121	55851	57107	57481	57956	57120
"60 years"	"women"	12104	12868	14561	13888	14224	14140	13618	14118	13040	12277	15278	16590	16056	13890	15829	17817	18351	17521	18378	17874	18592	20022	21147	21713	20880	22174	21493	18874	20477	21254	20424	18881	20008	22176	22310	21939	21271	20328	19710	20262	21624	20909	22100	21552	22554	21585	20131	20703	22002	23484	22549	22234	21323	22606	24838	23211	23328	24296	26231	26762	26466	24781	26211	26728	27223	26543	26896	24579	22252	24108	24725	26337	25819	26873	27330	28203	28486	30013	29558	31130	30307	30482	31194	31825	33411	33813	34844	35710	35823	35222	36355	37422	36927	38211	38799	40140	40497	40871	42174	42011	44360	44929	45759	45329	46413	47545	48307	49220	50272	51361	50136	50208	51109	50434	50471	48440	48165	48683	47751	47320	57574	54006	50388	49273	48380	47348	45642	44280	45108	43264	44109	42827	42419	40396	41055	41290	43154	43709	45624	47053	46242	48493	54006	59158	62659	63726	64440	63770	63248	61033	58446	56247	56664	56948	55667	56940	57313	57803
"61 years"	"women"	13255	11772	12504	14198	13500	13890	13779	13219	13713	12632	12058	14890	16247	15684	13508	15424	17449	17967	17164	17999	17365	18155	19570	20686	21272	20400	21715	21057	18444	20031	20749	20005	18405	19565	21767	21872	21555	20915	19993	19298	19893	21257	20506	21668	21155	22131	21240	19755	20384	21603	23048	22173	21856	20972	22238	24413	22852	22959	23819	25737	26189	26036	24327	25792	26319	26767	26137	26445	24221	21893	23650	24309	25960	25410	26498	26896	27793	28025	29566	29153	30684	29914	30071	30794	31456	32996	33372	34430	35296	35375	34804	35915	36981	36493	37784	38378	39719	40072	40461	41723	41539	43947	44542	45400	44932	46005	47131	47963	48786	49896	50988	49796	49800	50708	50036	50083	48086	47838	48336	47418	46989	57154	53644	50054	48956	48036	47083	45361	44031	44905	43056	43896	42591	42218	40329	40956	41104	42898	43454	45357	46796	46017	48221	53725	58834	62327	63399	64182	63509	63058	60780	58247	56019	56463	56743	55469	56770	57102
"62 years"	"women"	13091	12896	11390	12143	13794	13147	13521	13344	12804	13267	12230	11679	14558	15850	15254	13092	15076	17055	17580	16762	17299	16931	17693	19108	20214	20782	19940	21233	20610	17996	19495	20273	19491	17992	19161	21318	21418	21166	20523	19548	18862	19497	20839	20122	21243	20754	21708	20857	19395	20012	21201	22625	21748	21452	20567	21815	23991	22446	22471	23375	25202	25728	25582	23895	25367	25844	26344	25680	25996	23810	21460	23272	23943	25490	25021	26033	26456	27325	27602	29109	28707	30235	29464	29652	30391	31091	32529	32901	34009	34811	34887	34367	35429	36504	36058	37361	37923	39242	39611	40027	41206	41128	43534	44120	44951	44473	45551	46732	47489	48330	49464	50527	49294	49398	50320	49617	49667	47713	47468	47986	47025	46636	56773	53273	49689	48613	47692	46736	45076	43771	44626	42795	43663	42371	42097	40151	40723	40860	42597	43184	45101	46550	45800	47938	53421	58496	62007	63097	63902	63248	62781	60513	58024	55800	56217	56481	55296	56556
"63 years"	"women"	13056	12687	12486	11017	11729	13437	12761	13045	12916	12337	12697	11841	11357	14167	15393	14783	12750	14712	16638	17144	16166	16836	16484	17243	18599	19692	20312	19454	20751	20116	17694	19037	19744	19038	17574	18744	20873	20997	20727	20045	19070	18473	19061	20404	19663	20757	20303	21273	20439	19010	19574	20769	22140	21334	21025	20167	21410	23544	21946	22058	22785	24733	25232	25080	23424	24889	25407	25846	25197	25479	23329	21090	22862	23525	25034	24503	25517	25983	26808	27116	28643	28219	29753	28994	29148	29952	30579	32050	32402	33510	34353	34414	33845	34931	36037	35608	36881	37408	38766	39169	39519	40766	40685	43047	43629	44496	43970	45085	46262	47065	47922	48987	49997	48786	48962	49848	49141	49250	47290	47068	47538	46626	46223	56324	52847	49305	48223	47338	46417	44768	43496	44304	42458	43434	42194	41930	39895	40417	40532	42308	42881	44849	46320	45527	47632	53074	58149	61671	62781	63555	62921	62452	60160	57736	55543	55919	56247	55026
"64 years"	"women"	12882	12635	12248	12098	10584	11360	13027	12268	12584	12441	11804	12278	11482	11012	13721	14890	14413	12390	14314	16184	16495	15677	16366	16022	16760	18063	19188	19803	18942	20213	19454	17249	18471	19242	18573	17199	18305	20394	20532	20240	19615	18626	18058	18666	19926	19191	20300	19853	20799	19991	18617	19153	20332	21650	20918	20554	19741	20984	23009	21484	21553	22342	24204	24711	24579	22910	24360	24857	25309	24689	24952	22846	20702	22348	23106	24462	23998	24971	25468	26309	26512	28072	27753	29238	28480	28661	29452	30077	31576	31837	32945	33750	33840	33340	34372	35527	35116	36348	36936	38259	38550	39008	40215	40179	42478	43092	44003	43533	44542	45749	46557	47374	48461	49477	48280	48490	49308	48666	48838	46829	46656	47053	46233	45823	55799	52398	48882	47795	46935	46080	44473	43154	44009	42173	43257	41907	41674	39586	40079	40212	42008	42629	44570	45999	45195	47304	52780	57793	61285	62421	63123	62570	62107	59809	57420	55248	55634	55930
"65 years"	"women"	11329	12475	12176	12066	11639	10206	10920	12546	11779	12081	11913	11356	11896	11125	10605	13270	14488	14008	12003	13882	15533	15986	15169	15874	15552	16246	17555	18679	19255	18370	19445	18940	16653	17956	18761	18110	16758	17825	19882	19932	19685	19152	18124	17648	18215	19409	18739	19833	19328	20292	19495	18142	18666	19814	21133	20423	20131	19314	20490	22483	20947	21104	21810	23668	24140	24015	22350	23798	24315	24736	24034	24355	22326	20187	21832	22542	23867	23440	24413	24873	25717	25935	27511	27205	28712	27924	28110	28861	29512	31011	31236	32411	33134	33211	32779	33808	34950	34553	35820	36361	37615	37993	38430	39660	39654	41895	42559	43514	42953	44017	45179	46008	46815	47913	48875	47745	47911	48796	48142	48288	46316	46177	46586	45750	45381	55206	51904	48407	47371	46542	45720	44112	42847	43649	41858	42960	41603	41263	39246	39745	39897	41668	42312	44198	45639	44838	46913	52357	57385	60871	61967	62719	62141	61696	59441	57082	54935	55289
"66 years"	"women"	11329	10900	11985	11715	11570	11231	9761	10407	12041	11247	11576	11440	10967	11469	10699	10183	12869	14004	13599	11586	13342	14995	15457	14657	15363	15019	15745	17045	18103	18646	17874	18847	18265	16127	17442	18239	17603	16336	17370	19246	19325	19177	18592	17668	17155	17734	18916	18247	19301	18804	19741	19002	17660	18203	19296	20582	19938	19645	18741	19951	21828	20439	20566	21335	23088	23531	23403	21773	23216	23738	24054	23495	23790	21710	19714	21233	21958	23239	22865	23787	24263	25102	25372	26901	26610	28008	27344	27500	28227	28905	30414	30634	31793	32522	32547	32200	33173	34347	33994	35228	35824	37067	37401	37830	39079	39048	41319	42008	42850	42379	43485	44583	45367	46188	47283	48245	47203	47360	48217	47577	47704	45801	45673	46084	45263	44911	54585	51384	47945	46909	46116	45282	43663	42469	43379	41522	42607	41190	40884	38855	39391	39554	41348	41995	43832	45220	44503	46490	51966	56974	60397	61545	62244	61651	61215	58999	56687	54520
"67 years"	"women"	10712	11259	10387	11492	11167	11111	10762	9220	9891	11499	10845	11082	11025	10529	10988	10229	9804	12383	13549	13131	11276	12815	14476	14921	14129	14794	14479	15227	16456	17481	18028	17252	18116	17659	15584	16932	17709	17080	15884	16806	18562	18770	18609	18055	17137	16625	17249	18389	17712	18773	18276	19224	18459	17125	17664	18721	20027	19379	19024	18195	19382	21195	19855	19994	20756	22419	22940	22700	21183	22609	23010	23357	22882	23162	21151	19206	20643	21376	22614	22292	23133	23624	24541	24773	26217	25994	27373	26719	26912	27586	28236	29732	29943	31082	31866	31913	31537	32483	33706	33346	34513	35171	36402	36703	37168	38395	38388	40697	41361	42236	41748	42844	43908	44727	45532	46609	47614	46590	46719	47590	46973	47113	45236	45154	45563	44676	44338	54004	50826	47450	46414	45635	44836	43238	42130	43015	41128	42157	40748	40462	38491	38984	39164	40947	41606	43382	44884	44136	46062	51573	56525	59921	61071	61772	61133	60737	58548	56251
"68 years"	"women"	10636	10244	10726	9893	10946	10688	10606	10220	8718	9312	10708	10333	10644	10583	10015	10483	9838	9405	11929	13052	12443	10779	12335	13953	14363	13559	14266	13955	14650	15852	16793	17385	16497	17477	17074	15055	16404	17104	16531	15307	16177	17985	18161	18011	17471	16560	16106	16685	17829	17167	18199	17717	18610	17891	16541	17083	18172	19425	18735	18445	17656	18791	20474	19292	19393	20142	21745	22229	21967	20539	21915	22310	22635	22151	22508	20489	18556	19978	20746	21945	21679	22498	23026	23961	24106	25574	25363	26629	26030	26228	26830	27545	29040	29199	30333	31125	31158	30818	31750	32992	32648	33812	34479	35669	35999	36378	37696	37779	39964	40668	41532	41032	42108	43166	44026	44833	45890	46901	45947	46066	46912	46310	46426	44622	44558	44976	44101	43794	53266	50197	46867	45907	45131	44314	42858	41774	42580	40692	41680	40301	40037	38054	38555	38736	40553	41184	42971	44458	43746	45647	51075	56063	59386	60511	61237	60604	60230	58049
"69 years"	"women"	9065	10165	9677	10251	9363	10432	10188	10015	9695	8153	9043	10183	9858	10180	10058	9489	10070	9430	9031	11465	12267	11905	10322	11841	13364	13790	13017	13716	13382	14085	15358	16117	16595	15846	16860	16459	14504	15845	16515	15867	14767	15615	17312	17578	17370	16857	16026	15576	16055	17239	16549	17571	17111	17976	17270	15908	16562	17601	18750	18075	17848	17072	18098	19864	18632	18801	19521	20975	21491	21209	19926	21136	21616	21847	21442	21730	19758	17924	19311	20063	21268	21007	21873	22368	23254	23354	24785	24587	25872	25268	25471	26103	26749	28268	28441	29527	30340	30362	30031	30971	32159	31924	33042	33710	34872	35237	35552	36966	37018	39142	39914	40785	40274	41373	42360	43233	44069	45155	46117	45185	45324	46179	45569	45686	44015	43901	44300	43498	43146	52597	49577	46258	45287	44550	43859	42427	41277	42048	40175	41169	39835	39575	37621	38094	38293	40138	40795	42548	43959	43352	45165	50564	55433	58815	59923	60634	60092	59699
"70 years"	"women"	8024	8583	9606	9073	9683	8834	9901	9541	9440	9119	7911	8505	9728	9383	9629	9511	9038	9613	9039	8595	10678	11681	11407	9822	11280	12771	13181	12430	13117	12780	13411	14669	15296	15869	15195	16156	15805	13926	15235	15748	15263	14178	14947	16691	16878	16690	16246	15392	14988	15460	16580	15953	16894	16466	17336	16514	15378	15927	16883	18034	17493	17238	16408	17442	19131	17963	18082	18802	20172	20721	20432	19085	20404	20792	21065	20707	20906	18967	17227	18649	19416	20417	20346	21158	21600	22493	22577	24001	23796	25044	24515	24680	25211	25845	27457	27617	28676	29449	29574	29255	30100	31312	31119	32217	32910	34029	34388	34767	36155	36216	38337	39128	39891	39470	40529	41466	42359	43348	44337	45266	44385	44490	45397	44824	44933	43313	43227	43602	42809	42541	51821	48842	45570	44648	43968	43289	41897	40691	41456	39617	40655	39319	39019	37101	37620	37792	39663	40310	42081	43442	42854	44680	50055	54841	58208	59271	60001	59444
"71 years"	"women"	7349	7527	8056	9071	8467	9181	8311	9255	8933	8771	8415	7385	8072	9240	8807	9070	9030	8573	9167	8585	8097	10139	11131	10851	9299	10727	12172	12587	11811	12458	12226	12775	13855	14548	15176	14547	15437	15151	13331	14511	15015	14598	13582	14338	15950	16122	16020	15549	14749	14304	14822	15916	15248	16164	15778	16495	15862	14722	15249	16088	17243	16799	16484	15802	16736	18337	17227	17288	18035	19316	19853	19444	18337	19597	19973	20166	19824	20022	18252	16535	17827	18630	19749	19656	20374	20716	21705	21721	23139	22931	24106	23647	23826	24320	24951	26556	26748	27666	28520	28628	28269	29190	30419	30266	31333	31997	33048	33528	33858	35196	35351	37461	38209	39015	38578	39625	40522	41492	42430	43444	44302	43463	43654	44595	43981	44095	42522	42464	42797	42117	41841	50945	48089	44862	44023	43351	42625	41258	40087	40827	39053	40012	38671	38454	36561	37082	37297	39174	39838	41589	42918	42315	44120	49460	54188	57521	58592	59301
"72 years"	"women"	6993	6850	7034	7554	8437	7966	8643	7687	8635	8242	8011	7861	6925	7603	8665	8253	8591	8548	8096	8696	7970	7613	9619	10547	10289	8753	10163	11600	11929	11178	11690	11570	11969	13161	13798	14462	13842	14713	14444	12547	13743	14289	13921	12947	13625	15148	15427	15249	14814	14064	13617	14169	15179	14548	15421	15029	15777	15120	14040	14486	15356	16481	15962	15827	15143	15988	17533	16440	16521	17201	18396	18851	18601	17591	18753	18985	19230	18850	19100	17373	15780	16982	17840	18986	18803	19494	19882	20784	20842	22205	22028	23170	22742	22833	23405	24035	25577	25739	26737	27537	27637	27322	28204	29465	29308	30386	30973	32150	32493	32857	34235	34436	36380	37165	38024	37619	38653	39530	40456	41485	42477	43259	42544	42687	43630	43093	43207	41638	41651	42075	41304	41125	50053	47229	44084	43313	42623	41837	40559	39437	40142	38388	39357	38062	37843	36026	36518	36747	38634	39269	41063	42312	41765	43600	48852	53430	56713	57810
"73 years"	"women"	5884	6501	6362	6560	6976	7909	7379	8022	7085	7981	7458	7408	7400	6453	7023	8105	7752	8096	8053	7610	7982	7460	7156	9073	9920	9645	8191	9614	10934	11279	10596	10991	10741	11312	12426	13063	13708	13113	13961	13527	11960	13036	13501	13244	12268	12929	14376	14645	14496	14054	13325	12949	13422	14399	13828	14606	14299	14976	14329	13275	13842	14601	15631	15215	15098	14381	15194	16689	15631	15653	16410	17443	17929	17733	16770	17755	17936	18243	17900	18104	16473	15009	16227	17065	18131	17950	18633	18897	19813	19851	21124	21016	22159	21724	21853	22430	23028	24578	24752	25726	26386	26563	26316	27147	28458	28232	29372	30027	31028	31348	31918	33220	33428	35373	36098	36931	36536	37654	38476	39420	40448	41355	42217	41588	41729	42663	42166	42244	40708	40758	41202	40483	40291	49011	46371	43300	42473	41817	40998	39814	38701	39426	37701	38650	37418	37188	35447	35904	36203	38000	38634	40446	41605	41126	42977	48179	52612	55893
"74 years"	"women"	5793	5310	5983	5909	6044	6469	7334	6716	7412	6450	7091	6842	6914	6897	5901	6441	7591	7250	7584	7518	7111	7431	6980	6668	8474	9260	9059	7664	8995	10274	10514	9879	10142	10061	10641	11776	12326	12943	12390	13055	12606	11278	12287	12761	12454	11536	12235	13560	13771	13707	13323	12588	12188	12661	13624	12975	13743	13529	14100	13428	12497	13079	13740	14818	14400	14295	13603	14274	15775	14768	14853	15369	16519	16956	16732	15810	16747	16838	17219	16884	17054	15543	14278	15426	16113	17213	17054	17583	18003	18771	18884	20107	20006	21060	20664	20861	21347	21955	23459	23722	24477	25295	25372	25245	26056	27294	27083	28217	28831	29842	30254	30802	32025	32296	34196	34939	35757	35428	36567	37357	38256	39291	40214	41079	40529	40647	41565	41088	41149	39803	39783	40254	39503	39347	47961	45398	42326	41498	40948	40118	39027	37931	38609	36980	37886	36719	36475	34836	35276	35574	37313	37969	39775	40923	40451	42271	47420	51746
"75 years"	"women"	4921	5304	4801	5516	5370	5548	5928	6670	6073	6783	6087	6479	6298	6379	6341	5349	5915	7079	6723	7034	6842	6557	6926	6463	6158	7871	8647	8497	7080	8391	9493	9770	9018	9443	9376	9968	10997	11583	12103	11488	12092	11787	10562	11476	11942	11648	10858	11433	12641	12934	12887	12567	11808	11446	11881	12729	12218	12885	12643	13209	12608	11738	12211	12906	13900	13542	13464	12733	13343	14819	13974	13807	14418	15549	15924	15590	14821	15652	15781	16099	15842	16071	14709	13495	14514	15145	16186	16003	16533	16925	17649	17826	19027	18920	19977	19629	19807	20178	20864	22318	22453	23333	24067	24248	24095	24883	26048	26132	26962	27633	28682	29099	29539	30850	31103	32983	33701	34586	34273	35386	36139	36970	38081	39032	39850	39304	39483	40426	39921	40069	38736	38764	39198	38543	38445	46833	44301	41264	40531	39943	39205	38106	37089	37799	36178	37075	35997	35716	34168	34583	34872	36612	37239	39037	40182	39688	41544	46580
"76 years"	"women"	4389	4460	4826	4339	4981	4880	5061	5326	6040	5450	5598	5525	5959	5761	5819	5792	4845	5407	6564	6179	6370	6282	6055	6401	5961	5579	7300	8043	7888	6495	7785	8784	8889	8293	8710	8730	9256	10215	10799	11146	10621	11172	10943	9826	10639	11030	10909	10082	10576	11816	12074	12013	11646	11026	10646	10990	11891	11357	11986	11791	12321	11740	10862	11458	12099	13057	12637	12461	11878	12361	13887	12767	12825	13444	14528	14813	14482	13734	14585	14678	14955	14778	15052	13823	12600	13626	14156	15098	15027	15478	15838	16507	16722	17872	17854	18854	18459	18613	19038	19718	21046	21270	22026	22787	22995	22849	23632	24861	24857	25714	26366	27391	27787	28302	29540	29791	31668	32365	33240	32984	34059	34851	35676	36771	37744	38490	38047	38302	39140	38673	38851	37590	37655	38038	37506	37404	45505	43113	40114	39441	38875	38280	37170	36171	36922	35363	36240	35157	34922	33445	33836	34102	35795	36458	38288	39364	38911	40689
"77 years"	"women"	3547	3956	3996	4362	3820	4519	4412	4467	4722	5411	4999	5051	5045	5436	5192	5230	5313	4348	4911	6039	5614	5788	5773	5550	5857	5421	5068	6763	7381	7255	6179	7141	7937	8140	7563	8013	8081	8476	9452	9861	10194	9751	10268	10092	9050	9789	10229	10061	9271	9786	10974	11151	11093	10791	10163	9720	10137	11036	10509	10987	11000	11439	10799	10114	10549	11240	12109	11577	11558	10938	11524	12711	11778	11903	12478	13359	13654	13337	12679	13436	13517	13814	13770	14059	12794	11689	12605	13103	14058	13961	14382	14697	15367	15593	16713	16711	17620	17203	17451	17874	18420	19753	20040	20731	21493	21702	21566	22307	23433	23562	24459	25054	25922	26465	26945	28061	28338	30318	30975	31838	31519	32715	33438	34303	35350	36251	37102	36663	36924	37801	37385	37545	36330	36355	36939	36306	36286	44116	41820	38859	38287	37764	37215	36163	35165	35882	34453	35258	34270	34095	32609	33054	33279	34926	35612	37380	38487	38033
"78 years"	"women"	3302	3145	3511	3553	3856	3387	4056	3819	3899	4128	4617	4437	4582	4536	4856	4589	4713	4837	3881	4409	5254	5040	5267	5243	4999	5314	4891	4617	6156	6734	6501	5546	6368	7200	7421	6917	7332	7368	7806	8551	8887	9342	8865	9363	9185	8285	8989	9310	9205	8516	9032	10074	10190	10160	9901	9231	8975	9297	10187	9629	10030	10126	10358	9947	9265	9696	10340	11012	10612	10535	10069	10356	11622	10900	10948	11357	12122	12433	12244	11560	12271	12310	12835	12784	12951	11765	10685	11551	12131	12979	12851	13215	13562	14168	14376	15478	15499	16362	15974	16245	16521	17124	18369	18690	19384	20104	20270	20244	20888	22027	22263	23127	23604	24535	25071	25453	26617	26930	28752	29450	30305	30075	31255	32007	32853	33748	34730	35618	35155	35443	36294	35927	36119	34987	35146	35635	35069	35088	42633	40493	37605	36995	36516	36057	35070	34129	34804	33415	34241	33353	33130	31753	32109	32359	34030	34674	36460	37459
"79 years"	"women"	2960	2952	2729	3120	3074	3428	2448	3515	3307	3388	3709	4082	3994	4089	3989	4283	4077	4246	4369	3409	4141	4722	4532	4728	4681	4426	4778	4414	4109	5585	5984	5848	4822	5716	6516	6718	6235	6610	6678	6971	7634	8080	8485	8045	8455	8295	7580	8135	8331	8394	7787	8216	9105	9252	9198	8872	8439	8166	8487	9219	8734	9060	9072	9478	9043	8393	8798	9277	10020	9608	9650	9026	9342	10628	9946	9923	10193	10901	11283	11074	10444	11064	11316	11807	11705	11825	10709	9741	10604	11081	11800	11711	12081	12408	13027	13236	14282	14298	15123	14733	14892	15208	15778	17003	17357	17961	18720	18907	18775	19429	20638	20961	21667	22264	23077	23586	23910	25079	25394	27186	27899	28756	28670	29757	30416	31289	32234	33161	34003	33630	33783	34723	34352	34570	33588	33688	34279	33729	33718	40983	39020	36152	35608	35187	34806	33861	33013	33603	32363	33167	32286	32099	30789	31152	31428	33077	33616	35393
"80 years"	"women"	2911	2576	2555	2369	2660	2658	3011	1960	3055	2834	3040	3220	3623	3505	3574	3441	3823	3599	3764	3925	3357	3640	4257	4015	4157	4146	3934	4267	3920	3604	4925	5324	5078	4244	5128	5815	6014	5576	5917	5885	6291	6825	7179	7642	7184	7606	7500	6757	7256	7454	7608	6994	7340	8126	8249	8195	7970	7605	7345	7586	8374	7868	8100	8208	8572	8195	7510	7815	8287	9069	8652	8455	8117	8589	9588	8896	8811	9130	9731	10069	9908	9311	10102	10316	10638	10553	10634	9625	8867	9545	9946	10671	10620	10921	11287	11866	12027	12967	13004	13838	13505	13629	13920	14489	15675	16036	16594	17266	17360	17349	18018	19211	19498	20243	20816	21568	22033	22473	23458	23830	25577	26223	27118	27077	28203	28733	29587	30449	31341	32302	31955	32063	33123	32679	33000	32039	32128	32818	32212	32186	39200	37387	34557	34130	33840	33447	32560	31751	32370	31179	32002	31144	30927	29662	30146	30374	31957	32489
"81 years"	"women"	2170	2525	2179	2227	1978	2301	2289	2530	1533	2601	2468	2606	2800	3176	3041	3037	3002	3371	3138	3325	3261	2863	3211	3783	3493	3657	3671	3455	3739	3427	3410	4339	4558	4499	3701	4533	5132	5369	4932	5114	5213	5607	6032	6380	6718	6335	6756	6611	5908	6435	6691	6765	6140	6538	7163	7163	7326	7086	6741	6572	6818	7490	6945	7294	7289	7642	7321	6615	6941	7345	8147	7508	7502	7288	7710	8508	7844	7767	8088	8575	8881	8732	8424	9118	9183	9478	9366	9444	8619	7910	8470	8916	9544	9483	9735	10130	10720	10766	11638	11721	12452	12241	12221	12644	13172	14367	14652	15216	15747	15885	15984	16623	17679	18057	18742	19288	19922	20452	20921	21797	22185	23899	24522	25429	25428	26510	26962	27860	28537	29699	30422	30247	30242	31279	30985	31318	30400	30456	31148	30514	30516	37212	35585	32921	32600	32371	32010	31106	30362	31064	29916	30710	29872	29645	28580	28936	29228	30728
"82 years"	"women"	1814	1830	2155	1858	1892	1677	1976	1853	2127	1128	2197	2076	2274	2416	2747	2567	2606	2596	2949	2716	2859	2783	2473	2778	3298	3011	3183	3209	2970	3272	3034	2945	3705	3969	3926	3226	3993	4448	4724	4234	4444	4572	4892	5308	5533	5916	5576	5834	5751	5247	5672	5920	5899	5412	5727	6142	6291	6454	6214	5827	5859	5968	6445	6075	6415	6434	6715	6327	5782	6069	6466	6978	6543	6734	6421	6667	7434	6795	6779	6982	7432	7694	7786	7485	8001	8082	8345	8130	8328	7571	6956	7485	7896	8408	8390	8644	9039	9486	9609	10426	10383	11122	10929	10998	11353	11864	12987	13244	13656	14283	14409	14607	15241	16248	16553	17217	17586	18372	18832	19260	20081	20533	22226	22863	23668	23636	24662	25169	26001	26787	27740	28482	28381	28302	29472	29173	29491	28690	28746	29393	28804	28920	35154	33705	31248	30970	30783	30405	29640	28954	29598	28469	29328	28518	28325	27332	27678	27919
"83 years"	"women"	1392	1519	1520	1830	1507	1605	1384	1624	1507	1776	1543	1853	1757	1939	2028	2311	2164	2224	2225	2544	2360	2408	2402	2089	2337	2849	2564	2735	2768	2538	2763	2604	2434	3176	3406	3356	2778	3431	3897	4004	3662	3845	3954	4205	4560	4741	5190	4786	5008	4961	4541	4883	5057	5085	4668	4938	5390	5482	5584	5335	5141	5067	5111	5636	5228	5602	5560	5733	5472	4949	5275	5478	6026	5713	5830	5566	5699	6403	5828	5779	6014	6413	6838	6838	6512	7027	6964	7169	7062	7269	6514	6012	6550	6863	7323	7398	7593	7943	8369	8500	9146	9133	9777	9671	9816	10019	10575	11493	11727	12247	12889	13026	13231	13833	14741	14980	15646	16048	16812	17210	17627	18425	18862	20460	21080	21877	21863	22836	23266	24210	24836	25723	26536	26344	26442	27477	27329	27503	26866	26858	27564	26981	27075	33021	31713	29376	29224	28979	28670	28081	27384	28005	26927	27813	27109	26833	25973	26285
"84 years"	"women"	1116	1154	1251	1237	1503	1221	1326	1078	1322	1194	1378	1251	1573	1474	1609	1638	1951	1812	1871	1862	2016	1937	2043	2037	1713	1927	2461	2138	2316	2351	2238	2341	2135	2024	2689	2884	2796	2348	2958	3231	3291	3070	3253	3345	3492	3852	4091	4401	4035	4288	4292	3874	4131	4273	4316	3909	4223	4574	4662	4697	4603	4409	4233	4416	4829	4468	4800	4676	4893	4666	4269	4367	4649	5226	4859	4954	4722	4851	5489	4889	4890	5027	5568	5925	5875	5585	5977	5880	6155	6043	6192	5550	5173	5622	5886	6342	6362	6620	6925	7322	7407	7926	7922	8512	8494	8689	8872	9336	10122	10333	10948	11529	11600	11854	12473	13208	13428	14097	14460	15234	15543	15860	16735	17145	18741	19213	20060	20063	20902	21313	22223	22828	23708	24302	24276	24481	25483	25325	25530	24961	24955	25586	25110	25257	30867	29656	27414	27401	27148	26892	26346	25771	26308	25315	26168	25534	25277	24448
"85 years"	"women"	935	914	921	1031	943	1244	955	1050	812	1056	1059	1109	1021	1331	1164	1281	1339	1634	1472	1564	1541	1655	1597	1691	1707	1349	1603	2092	1754	1939	1879	1843	1889	1773	1630	2277	2442	2350	1918	2383	2628	2750	2510	2723	2717	2902	3202	3369	3632	3401	3689	3625	3241	3472	3545	3541	3287	3572	3839	3847	3990	3845	3625	3602	3748	4049	3785	3937	3933	4067	4003	3484	3650	3935	4368	3990	4103	3879	4060	4552	4052	4076	4295	4730	4959	4935	4667	5029	5026	5209	5147	5188	4731	4379	4777	5065	5404	5424	5651	5958	6261	6383	6778	6796	7405	7272	7603	7627	8089	8807	9155	9666	10124	10224	10504	11076	11701	11943	12568	12887	13553	13800	14264	15029	15502	16823	17259	18161	18147	18960	19369	20250	20778	21572	22306	22128	22404	23360	23242	23362	22862	22981	23437	23126	23384	28568	27394	25301	25385	25185	25033	24540	23950	24518	23634	24417	23865	23638
"86 years"	"women"	743	751	712	739	784	741	1008	704	817	603	804	826	906	800	1069	877	1046	1070	1367	1188	1241	1240	1351	1272	1389	1386	1073	1298	1726	1426	1561	1515	1434	1553	1435	1350	1889	2026	1929	1489	1889	2165	2224	2067	2237	2228	2435	2624	2704	3017	2795	3030	2977	2660	2810	2855	2963	2699	3002	3127	3203	3285	3045	3011	2951	3127	3320	3072	3226	3208	3383	3134	2854	3060	3273	3548	3231	3360	3199	3327	3682	3243	3428	3609	3902	4058	4034	3822	4175	4204	4328	4216	4324	3977	3645	4071	4292	4501	4548	4766	4993	5274	5383	5734	5764	6378	6222	6401	6489	6954	7656	7932	8381	8783	8903	9204	9578	10302	10513	11109	11341	11932	12250	12673	13348	13731	14981	15414	16170	16215	16963	17398	18260	18678	19477	20218	20019	20353	21241	21013	21226	20682	20844	21363	21019	21400	26186	25072	23095	23310	23171	23001	22520	22105	22602	21879	22556	22099
"87 years"	"women"	393	597	572	553	537	618	538	785	507	641	544	617	654	718	604	828	688	834	859	1115	981	972	994	1069	991	1105	1128	812	981	1421	1307	1236	1160	1134	1248	1171	1043	1508	1641	1488	1295	1504	1742	1811	1617	1781	1795	1946	2086	2155	2485	2265	2468	2376	2152	2183	2273	2416	2214	2409	2607	2578	2611	2484	2504	2371	2549	2621	2503	2586	2621	2633	2536	2328	2478	2666	2845	2544	2758	2516	2655	2932	2699	2839	2963	3158	3272	3201	3120	3394	3363	3398	3410	3524	3221	3012	3361	3518	3708	3766	3893	4110	4387	4463	4808	4840	5496	5275	5353	5457	5919	6624	6760	7156	7595	7601	7803	8297	8926	9097	9731	9801	10482	10800	11175	11692	12028	13169	13515	14304	14349	15113	15495	16146	16667	17411	17996	17973	18197	18971	18783	19004	18430	18710	19253	18959	19385	23581	22693	20958	21162	21063	20897	20519	20201	20613	20009	20605
"88 years"	"women"	353	294	458	439	394	383	458	359	616	335	451	379	478	503	557	415	663	511	644	654	831	744	775	768	835	761	866	919	572	726	928	1023	916	899	872	1008	935	786	1189	1266	1124	1010	1206	1401	1422	1266	1445	1438	1523	1634	1798	1985	1764	1927	1871	1637	1724	1772	1915	1769	2023	2067	2002	2114	1978	2015	1873	1964	2076	1976	2115	2005	2103	2077	1817	1936	2082	2211	2007	2159	1966	2076	2392	2163	2243	2369	2521	2544	2607	2472	2695	2690	2734	2740	2841	2637	2452	2700	2858	3038	3021	3177	3326	3596	3716	4004	4025	4360	4285	4443	4634	5048	5609	5725	6098	6419	6432	6659	7075	7631	7780	8307	8460	9030	9366	9724	10121	10440	11344	11754	12441	12551	13227	13501	14182	14658	15269	15875	15814	16028	16771	16509	16659	16297	16633	17113	16904	17224	20976	20274	18703	18898	18798	18811	18484	18282	18545	17953
"89 years"	"women"	266	272	203	365	305	284	257	306	222	472	358	310	279	361	377	393	277	523	352	472	546	637	580	594	579	645	557	683	731	376	670	701	760	710	675	668	775	716	582	886	893	862	770	915	1060	1108	993	1113	1086	1173	1297	1402	1515	1366	1493	1415	1282	1357	1373	1502	1412	1602	1590	1594	1665	1558	1563	1376	1536	1578	1585	1544	1558	1620	1613	1416	1472	1596	1701	1509	1651	1473	1652	1930	1721	1771	1859	1928	2019	2051	1959	2069	2100	2133	2151	2264	2098	1898	2163	2311	2380	2402	2498	2683	2890	3090	3275	3201	3499	3500	3659	3896	4186	4673	4772	5078	5336	5402	5572	5982	6387	6562	6987	7178	7681	7913	8209	8646	8829	9717	9988	10662	10784	11323	11702	12252	12660	13196	13764	13607	13880	14554	14363	14474	14229	14545	14906	14677	15100	18433	17831	16495	16574	16531	16700	16390	16329	16422
"90 years"	"women"	211	195	208	571	673	589	544	462	436	342	813	818	808	782	778	771	801	691	815	745	388	1168	1321	1376	1350	1322	1380	1345	1413	1497	1506	1509	1506	1608	1625	1644	1680	1798	1848	1599	1749	1925	2041	2081	2126	2318	2503	2435	2502	2628	895	1018	1051	1128	1044	1070	1078	935	1030	1040	1135	1048	1221	1238	1223	1233	1189	1167	1031	1145	1192	1128	1170	1181	1225	1185	1059	1118	1214	1273	1120	1226	1158	1333	1484	1337	1326	1368	1479	1483	1521	1466	1600	1641	1645	1652	1755	1612	1468	1714	1757	1864	1860	1939	2135	2334	2540	2517	2525	2809	2859	2954	3116	3463	3823	3948	4142	4434	4441	4566	4946	5244	5485	5825	5968	6413	6611	6922	7216	7450	8212	8412	8950	9033	9573	9954	10396	10803	11260	11667	11582	11811	12249	12242	12368	12202	12545	12822	12544	13011	15942	15405	14174	14372	14459	14551	14225	14240
"91 years"	"women"	129	154	140	287	287	287	287	287	287	287	338	338	338	338	338	338	0	0	0	0	238	0	0	0	0	0	0	0	0	0	0	0	0	0	0	0	0	0	0	0	0	0	0	0	0	0	0	0	0	0	642	639	741	802	825	747	808	794	705	755	797	858	730	920	922	888	929	845	863	785	887	854	836	964	890	895	871	760	838	875	921	811	967	886	991	1098	969	950	1043	1115	1117	1097	1113	1231	1229	1279	1255	1339	1235	1102	1285	1376	1403	1403	1509	1731	1890	1852	1929	1980	2242	2300	2379	2489	2796	3089	3121	3344	3599	3642	3748	4017	4258	4471	4810	4778	5242	5461	5665	5886	6080	6713	6954	7347	7543	7968	8288	8649	9060	9365	9759	9652	9723	10290	10314	10428	10284	10564	10731	10669	10947	13544	13089	12023	12301	12362	12339	12151
"92 years"	"women"	88	91	104	0	0	0	0	0	0	0	0	0	0	0	0	0	0	0	0	0	176	0	0	0	0	0	0	0	0	0	0	0	0	0	0	0	0	0	0	0	0	0	0	0	0	0	0	0	0	0	433	446	473	532	600	578	561	572	554	494	588	580	607	529	672	683	660	631	613	644	593	592	607	598	711	642	635	603	532	578	597	638	592	719	619	739	780	692	724	756	805	818	783	823	916	910	932	908	1010	925	816	999	1019	1043	1064	1197	1379	1345	1402	1482	1575	1756	1783	1867	1953	2210	2413	2476	2663	2848	2845	3008	3226	3375	3584	3836	3822	4222	4328	4527	4711	4849	5409	5488	5970	6124	6452	6742	7113	7341	7627	7874	7829	7979	8521	8475	8544	8487	8643	8940	8822	9088	11211	10808	10043	10209	10356	10369
"93 years"	"women"	68	63	57	0	0	0	0	0	0	0	0	0	0	0	0	0	0	0	0	0	115	0	0	0	0	0	0	0	0	0	0	0	0	0	0	0	0	0	0	0	0	0	0	0	0	0	0	0	0	0	287	296	312	336	375	410	408	394	414	375	386	417	418	442	372	470	505	432	442	438	453	362	402	416	431	481	443	439	439	331	400	406	471	436	510	454	544	516	502	530	530	539	584	553	588	651	667	635	648	737	666	609	710	743	785	840	963	937	968	1082	1093	1201	1353	1366	1409	1550	1694	1856	1943	2061	2183	2197	2346	2516	2672	2781	3028	2984	3268	3454	3570	3734	3811	4222	4393	4707	4909	5121	5331	5619	5871	6037	6246	6219	6458	6822	6839	6780	6800	6984	7228	7101	7342	9142	8808	8161	8330	8452
"94 years"	"women"	35	49	41	0	0	0	0	0	0	0	0	0	0	0	0	0	0	0	0	0	73	0	0	0	0	0	0	0	0	0	0	0	0	0	0	0	0	0	0	0	0	0	0	0	0	0	0	0	0	0	217	204	200	207	202	259	287	284	271	270	279	273	296	305	304	247	317	335	310	300	320	289	248	299	299	279	302	300	306	278	220	272	288	327	307	346	284	356	347	338	370	359	378	389	386	408	458	472	444	453	512	477	431	495	526	614	654	645	688	699	817	822	870	1036	1040	1019	1161	1285	1437	1458	1577	1667	1657	1795	1959	2062	2138	2324	2259	2497	2606	2737	2855	2864	3316	3419	3637	3832	3963	4107	4368	4518	4621	4865	4888	5097	5386	5323	5352	5284	5445	5721	5491	5829	7258	6975	6445	6580
"95 years"	"women"	353	345	352	0	0	0	0	0	0	0	0	0	0	0	0	0	0	0	0	0	228	0	0	0	0	0	0	0	0	0	0	0	0	0	0	0	0	0	0	0	0	0	0	0	0	0	0	0	0	0	123	333	329	356	361	325	397	440	478	476	183	457	432	472	483	515	504	527	567	583	206	492	496	523	515	201	474	488	520	526	193	491	525	563	604	207	688	556	600	600	209	606	648	655	652	694	746	760	806	796	863	923	944	923	970	1088	1269	1185	458	483	496	616	572	637	754	762	702	847	972	1072	1074	1144	1265	1263	1380	1451	1544	1606	1727	1707	1867	1939	2012	2088	2163	2508	2544	2725	2910	3022	3122	3348	3400	3509	3686	3751	3841	4090	4081	4124	4044	4163	4342	4255	4510	5612	5424	4947
"96 years"	"women"	0	0	0	0	0	0	0	0	0	0	0	0	0	0	0	0	0	0	0	0	0	0	0	0	0	0	0	0	0	0	0	0	0	0	0	0	0	0	0	0	0	0	0	0	0	0	0	0	0	0	63	0	0	0	0	0	0	0	0	0	122	0	0	0	0	0	0	0	0	0	124	0	0	0	0	130	0	0	0	0	131	0	0	0	0	148	0	0	0	0	160	0	0	0	0	0	0	0	0	0	0	0	0	0	0	0	0	0	300	327	353	349	411	416	468	547	543	515	624	707	775	764	839	915	909	976	1051	1115	1125	1260	1227	1366	1400	1456	1544	1587	1819	1841	2013	2157	2196	2316	2415	2478	2603	2761	2738	2810	2994	3058	3090	2996	3067	3219	3219	3375	4191	4073
"97 years"	"women"	0	0	0	0	0	0	0	0	0	0	0	0	0	0	0	0	0	0	0	0	0	0	0	0	0	0	0	0	0	0	0	0	0	0	0	0	0	0	0	0	0	0	0	0	0	0	0	0	0	0	37	0	0	0	0	0	0	0	0	0	65	0	0	0	0	0	0	0	0	0	89	0	0	0	0	72	0	0	0	0	86	0	0	0	0	88	0	0	0	0	105	0	0	0	0	0	0	0	0	0	0	0	0	0	0	0	0	0	190	208	220	249	233	275	293	324	369	377	361	449	478	541	558	586	639	642	705	757	767	790	872	873	931	954	1034	1121	1110	1259	1338	1418	1541	1575	1599	1717	1773	1895	1979	1941	2021	2172	2237	2277	2136	2211	2327	2321	2457	3039
"98 years"	"women"	0	0	0	0	0	0	0	0	0	0	0	0	0	0	0	0	0	0	0	0	0	0	0	0	0	0	0	0	0	0	0	0	0	0	0	0	0	0	0	0	0	0	0	0	0	0	0	0	0	0	29	0	0	0	0	0	0	0	0	0	48	0	0	0	0	0	0	0	0	0	51	0	0	0	0	46	0	0	0	0	58	0	0	0	0	49	0	0	0	0	47	0	0	0	0	0	0	0	0	0	0	0	0	0	0	0	0	0	115	121	148	149	169	165	171	201	216	263	276	247	315	319	376	379	411	453	443	476	497	536	544	596	618	641	675	727	781	755	870	911	961	1060	1070	1092	1197	1221	1330	1338	1332	1404	1542	1551	1570	1461	1548	1620	1602	1688
"99 years"	"women"	0	0	0	0	0	0	0	0	0	0	0	0	0	0	0	0	0	0	0	0	0	0	0	0	0	0	0	0	0	0	0	0	0	0	0	0	0	0	0	0	0	0	0	0	0	0	0	0	0	0	19	0	0	0	0	0	0	0	0	0	22	0	0	0	0	0	0	0	0	0	25	0	0	0	0	24	0	0	0	0	39	0	0	0	0	23	0	0	0	0	41	0	0	0	0	0	0	0	0	0	0	0	0	0	0	0	0	0	50	74	75	101	97	112	108	108	133	139	158	177	158	209	222	260	265	272	304	315	312	329	363	363	409	389	444	456	491	493	523	560	618	659	717	703	745	801	805	902	885	873	967	1049	1035	1036	981	1060	1129	1043
"100+ years"	"women"	0	0	0	0	0	0	0	0	0	0	0	0	0	0	0	0	0	0	0	0	0	0	0	0	0	0	0	0	0	0	0	0	0	0	0	0	0	0	0	0	0	0	0	0	0	0	0	0	0	0	19	0	0	0	0	0	0	0	0	0	22	0	0	0	0	0	0	0	0	0	46	0	0	0	0	31	0	0	0	0	25	0	0	0	0	43	0	0	0	0	30	0	0	0	0	0	0	0	0	0	0	0	0	0	0	0	0	0	75	78	89	99	112	124	151	149	162	194	202	214	248	265	313	330	367	382	419	454	446	466	480	503	531	557	585	656	660	736	770	769	828	881	959	1011	1085	1137	1188	1233	1310	1386	1414	1494	1561	1580	1632	1581	1649	1732
